,,,,,,,,,,,,,,"Daily Log Detailed List Report","2/ 7/2026  Saturday","Log #:","DL20260006057","Department:","Surveillance",,"Property:","CNS Halifax","Owner:","raj.chauhan",,"Location:","Count Room","Created By:","raj.chauhan","Sublocation:",,,,"Occurred:",07-Feb-2026   2:18 pm,"End Time:",07-Feb-2026  15:29,"Camera/Monitor:","CAM 350-360","Status:","Open","Duration:","0 Days 1 Hour 11 Minutes","Topic:","Table Count","Details:","CRAs Vinay, Rosaline and Matt.","Daily total:","61","Grand total:","118","Printed:  2/ 8/2026 	13:54:19	","Page 1 / 1 "
,,,,,,,,,,,,,,"Daily Log Detailed List Report","2/ 7/2026  Saturday","Log #:","DL20260006058","Department:","Surveillance","High Priority","Property:","CNS Halifax","Owner:","raj.chauhan",,"Location:","Parking Lot","Created By:","raj.chauhan","Sublocation:",,,,"Occurred:",07-Feb-2026   2:24 pm,"End Time:",07-Feb-2026  14:33,"Camera/Monitor:","MON 1-4","Status:","Open","Duration:","0 Days 0 Hours 9 Minutes","Topic:","Parkade Scan","Details:","Parkade Scan @ 1424hrs.","Daily total:","61","Grand total:","118","Printed:  2/ 8/2026 	13:54:19	","Page 1 / 1 "
,,,,,,,,,,,,,,"Daily Log Detailed List Report","2/ 7/2026  Saturday","Log #:","DL20260006059","Department:","Surveillance","High Priority","Property:","CNS Halifax","Owner:","pdellapinna",,"Location:","Count Room","Created By:","pdellapinna","Sublocation:",,,,"Occurred:",07-Feb-2026   2:41 pm,"End Time:",07-Feb-2026  15:01,"Camera/Monitor:","MS1.1","Status:","Open","Duration:","0 Days 0 Hours 20 Minutes","Topic:","Observation","Details:","Observation of CRA (Matt Osbourne) processing during the TG Count.","Daily total:","61","Grand total:","118","Printed:  2/ 8/2026 	13:54:19	","Page 1 / 1 "
,,,,,,,,,,,,,,"Daily Log Detailed List Report","2/ 7/2026  Saturday","Log #:","DL20260006060","Department:","Surveillance","High Priority","Property:","CNS Halifax","Owner:","raj.chauhan",,"Location:","Gaming Floor","Created By:","raj.chauhan","Sublocation:",,,,"Occurred:",07-Feb-2026   2:33 pm,"End Time:",07-Feb-2026  14:35,"Camera/Monitor:","MON 1-4","Status:","Open","Duration:","0 Days 0 Hours 2 Minutes","Topic:","Pit Scan","Details:","ID Shots @ 1433hrs.","Daily total:","61","Grand total:","118","Printed:  2/ 8/2026 	13:54:19	","Page 1 / 1 "
,,,,,,,,,,,,,,"Daily Log Detailed List Report","2/ 7/2026  Saturday","Log #:","DL20260006061","Department:","Surveillance","High Priority","Property:","CNS Halifax","Owner:","raj.chauhan",,"Location:","Pit 1","Created By:","raj.chauhan","Sublocation:","BJ 4",,,"Occurred:",07-Feb-2026   2:41 pm,"End Time:",07-Feb-2026  15:03,"Camera/Monitor:","MON 1-4","Status:","Open","Duration:","0 Days 0 Hours 22 Minutes","Topic:","Observation","Details:","Observation: Dealers (Adam Forman, Austin Compton) on BJ4.","Daily total:","61","Grand total:","118","Printed:  2/ 8/2026 	13:54:19	","Page 1 / 1 "
,,,,,,,,,,,,,,"Daily Log Detailed List Report","2/ 7/2026  Saturday","Log #:","DL20260006062","Department:","Surveillance",,"Property:","CNS Halifax","Owner:","raj.chauhan",,"Location:","Pit 1","Created By:","raj.chauhan","Sublocation:","RL 2",,,"Occurred:",07-Feb-2026   2:42 pm,"End Time:",07-Feb-2026  14:45,"Camera/Monitor:","MON 1-4","Status:","Open","Duration:","0 Days 0 Hours 3 Minutes","Topic:","Table Fill","Details:","$7740 to RL2 by SO Keith.","Daily total:","61","Grand total:","118","Printed:  2/ 8/2026 	13:54:19	","Page 1 / 1 "
,,,,,,,,,,,,,,"Daily Log Detailed List Report","2/ 7/2026  Saturday","Log #:","DL20260006065","Department:","Surveillance",,"Property:","CNS Halifax","Owner:","raj.chauhan",,"Location:","Count Room","Created By:","raj.chauhan","Sublocation:",,,,"Occurred:",07-Feb-2026   3:29 pm,"End Time:",07-Feb-2026  15:33,"Camera/Monitor:","MON 1-4","Status:","Open","Duration:","0 Days 0 Hours 4 Minutes","Topic:","Security Escort","Details:","SO Santos escorts Cage Sup Jack Palmer with Table Games funds.","Daily total:","61","Grand total:","118","Printed:  2/ 8/2026 	13:54:19	","Page 1 / 1 "
,,,,,,,,,,,,,,"Daily Log Detailed List Report","2/ 7/2026  Saturday","Log #:","DL20260006066","Department:","Surveillance",,"Property:","CNS Halifax","Owner:","raj.chauhan",,"Location:","Count Room","Created By:","raj.chauhan","Sublocation:",,,,"Occurred:",07-Feb-2026   3:29 pm,"End Time:",07-Feb-2026  15:55,"Camera/Monitor:","CAM 350-360","Status:","Open","Duration:","0 Days 0 Hours 26 Minutes","Topic:","Balancing NRT Cassette","Details:","CRAs Vinay, Rosaline and Matt balancing 1 set of NRT Cassettes.","Daily total:","61","Grand total:","118","Printed:  2/ 8/2026 	13:54:19	","Page 1 / 1 "
,,,,,,,,,,,,,,"Daily Log Detailed List Report","2/ 7/2026  Saturday","Log #:","DL20260006068","Department:","Surveillance","High Priority","Property:","CNS Halifax","Owner:","raj.chauhan",,"Location:","Cage","Created By:","raj.chauhan","Sublocation:","FW 4",,,"Occurred:",07-Feb-2026   3:34 pm,"End Time:",07-Feb-2026  15:54,"Camera/Monitor:","CAM 384, 390","Status:","Open","Duration:","0 Days 0 Hours 20 Minutes","Topic:","Observation","Details:","Observation: Cage Cashier (Alex Asare) at FW4.","Daily total:","61","Grand total:","118","Printed:  2/ 8/2026 	13:54:19	","Page 1 / 1 "
,,,,,,,,,,,,,,"Daily Log Detailed List Report","2/ 7/2026  Saturday","Log #:","DL20260006069","Department:","Surveillance","High Priority","Property:","CNS Halifax","Owner:","pdellapinna",,"Location:","Gaming Floor","Created By:","pdellapinna","Sublocation:",,,,"Occurred:",07-Feb-2026   3:54 pm,"End Time:",07-Feb-2026  16:15,"Camera/Monitor:","MS1.1","Status:","Open","Duration:","0 Days 0 Hours 21 Minutes","Topic:","Observation","Details:","Observation of SSR (Ron Blundon) working the floor.","Daily total:","61","Grand total:","118","Printed:  2/ 8/2026 	13:54:19	","Page 1 / 1 "
,,,,,,,,,,,,,,"Daily Log Detailed List Report","2/ 7/2026  Saturday","Log #:","DL20260006070","Department:","Surveillance",,"Property:","CNS Halifax","Owner:","raj.chauhan",,"Location:","Count Room","Created By:","raj.chauhan","Sublocation:",,,,"Occurred:",07-Feb-2026   3:55 pm,"End Time:",07-Feb-2026  15:58,"Camera/Monitor:","MON 1-4","Status:","Open","Duration:","0 Days 0 Hours 3 Minutes","Topic:","Security Escort","Details:","SO Keith escorts Cage Sup Jack Palmer with NRT funds.","Daily total:","61","Grand total:","118","Printed:  2/ 8/2026 	13:54:19	","Page 1 / 1 "
,,,,,,,,,,,,,,"Daily Log Detailed List Report","2/ 7/2026  Saturday","Log #:","DL20260006071","Department:","Surveillance","High Priority","Property:","CNS Halifax","Owner:","raj.chauhan",,"Location:","Pit 1","Created By:","raj.chauhan","Sublocation:","FBB 1",,,"Occurred:",07-Feb-2026   4:13 pm,"End Time:",,"Camera/Monitor:","MON 1-4","Status:","Open","Duration:",,"Topic:","Observation","Details:","Observation: Dealers (Adam Forman, Zara Mohseni) on FBB1.","Daily total:","61","Grand total:","118","Printed:  2/ 8/2026 	13:54:19	","Page 1 / 1 "
,,,,,,,,,,,,,,"Daily Log Detailed List Report","2/ 7/2026  Saturday","Log #:","DL20260006074","Department:","Surveillance","High Priority","Property:","CNS Halifax","Owner:","pdellapinna",,"Location:","Parking Lot","Created By:","pdellapinna","Sublocation:",,,,"Occurred:",07-Feb-2026   4:17 pm,"End Time:",07-Feb-2026  16:22,"Camera/Monitor:","701-726","Status:","Open","Duration:","0 Days 0 Hours 5 Minutes","Topic:","Parkade Scan","Details:","Parkade Scan @ 16:17hrs.","Daily total:","61","Grand total:","118","Printed:  2/ 8/2026 	13:54:19	","Page 1 / 1 "
,,,,,,,,,,,,,,"Daily Log Detailed List Report","2/ 7/2026  Saturday","Log #:","DL20260006075","Department:","Surveillance","High Priority","Property:","CNS Halifax","Owner:","raj.chauhan",,"Location:","Poker Room","Created By:","raj.chauhan","Sublocation:","Poker 3",,,"Occurred:",07-Feb-2026   4:29 pm,"End Time:",,"Camera/Monitor:","MON 1-4","Status:","Open","Duration:",,"Topic:","Poker Royal Flush Jackpot","Details:","Poker Royal Flush Jackpot: PK3, Spot 4, diamonds, $3100 won by Dominic Giacomantonio. Footage saved to TG2026 - 21.","Daily total:","61","Grand total:","118","Printed:  2/ 8/2026 	13:54:19	","Page 1 / 1 "
,,,,,,,,,,,,,,"Daily Log Detailed List Report","2/ 7/2026  Saturday","Log #:","DL20260006076","Department:","Surveillance","High Priority","Property:","CNS Halifax","Owner:","pdellapinna",,"Location:","Gaming Floor","Created By:","pdellapinna","Sublocation:",,,,"Occurred:",07-Feb-2026   4:23 pm,"End Time:",07-Feb-2026  16:36,"Camera/Monitor:","MS1.1","Status:","Open","Duration:","0 Days 0 Hours 13 Minutes","Topic:","Pit Scan","Details:","ID shots @ 16:23hrs.","Daily total:","61","Grand total:","118","Printed:  2/ 8/2026 	13:54:19	","Page 1 / 1 "
,,,,,,,,,,,,,,"Daily Log Detailed List Report","2/ 7/2026  Saturday","Log #:","DL20260006077","Department:","Surveillance","High Priority","Property:","CNS Halifax","Owner:","raj.chauhan",,"Location:","Pit 1","Created By:","raj.chauhan","Sublocation:","FBB 1",,,"Occurred:",07-Feb-2026   4:48 pm,"End Time:",07-Feb-2026  16:50,"Camera/Monitor:","CAM 121","Status:","Open","Duration:","0 Days 0 Hours 2 Minutes","Topic:","FINTRAC","Details:","FINTRAC: Wing “Michael” Chan (PC: 244888) redeems $51 as points for cash on FBB1.","Daily total:","61","Grand total:","118","Printed:  2/ 8/2026 	13:54:19	","Page 1 / 1 "
,,,,,,,,,,,,,,"Daily Log Detailed List Report","2/ 7/2026  Saturday","Log #:","DL20260006080","Department:","Surveillance",,"Property:","CNS Halifax","Owner:","pdellapinna",,"Location:","Slot Zone","Created By:","pdellapinna","Sublocation:","Zone 9",,,"Occurred:",07-Feb-2026   5:02 pm,"End Time:",07-Feb-2026  17:05,"Camera/Monitor:","292","Status:","Open","Duration:","0 Days 0 Hours 3 Minutes","Topic:","BV Maintenance","Details:","09.02.05. Todd(ST), Keith(sec).","Daily total:","61","Grand total:","118","Printed:  2/ 8/2026 	13:54:19	","Page 1 / 1 "
,,,,,,,,,,,,,,"Daily Log Detailed List Report","2/ 7/2026  Saturday","Log #:","DL20260006082","Department:","Surveillance","High Priority","Property:","CNS Halifax","Owner:","pdellapinna",,"Location:","Slot Zone","Created By:","pdellapinna","Sublocation:","Zone 2",,,"Occurred:",07-Feb-2026   5:13 pm,"End Time:",07-Feb-2026  17:19,"Camera/Monitor:","MS1.1","Status:","Open","Duration:","0 Days 0 Hours 6 Minutes","Topic:","Jackpot","Details:","Jackpot @ 02.15.08. $5216.35 won  by Ann Wile.","Daily total:","61","Grand total:","118","Printed:  2/ 8/2026 	13:54:19	","Page 1 / 1 "
,,,,,,,,,,,,,,"Daily Log Detailed List Report","2/ 7/2026  Saturday","Log #:","DL20260006083","Department:","Surveillance","High Priority","Property:","CNS Halifax","Owner:","pdellapinna",,"Location:","Pit 3","Created By:","pdellapinna","Sublocation:","BJ10",,,"Occurred:",07-Feb-2026   5:29 pm,"End Time:",07-Feb-2026  17:53,"Camera/Monitor:","40","Status:","Open","Duration:","0 Days 0 Hours 24 Minutes","Topic:","Observation","Details:","Observation of Dealers (Tim Moffatt/Jared Sampson) on BJ10.","Daily total:","61","Grand total:","118","Printed:  2/ 8/2026 	13:54:19	","Page 1 / 1 "
,,,,,,,,,,,,,,"Daily Log Detailed List Report","2/ 7/2026  Saturday","Log #:","DL20260006086","Department:","Surveillance",,"Property:","CNS Halifax","Owner:","pdellapinna",,"Location:","Pit 1","Created By:","pdellapinna","Sublocation:","UTH1",,,"Occurred:",07-Feb-2026   6:18 pm,"End Time:",07-Feb-2026  18:21,"Camera/Monitor:","MS1.1","Status:","Open","Duration:","0 Days 0 Hours 3 Minutes","Topic:","Table Fill","Details:","UTH1 - $6150.","Daily total:","61","Grand total:","118","Printed:  2/ 8/2026 	13:54:19	","Page 1 / 1 "
,,,,,,,,,,,,,,"Daily Log Detailed List Report","2/ 7/2026  Saturday","Log #:","DL20260006088","Department:","Surveillance","High Priority","Property:","CNS Halifax","Owner:","pdellapinna",,"Location:","Parking Lot","Created By:","pdellapinna","Sublocation:",,,,"Occurred:",07-Feb-2026   6:32 pm,"End Time:",07-Feb-2026  18:37,"Camera/Monitor:","701-726","Status:","Open","Duration:","0 Days 0 Hours 5 Minutes","Topic:","Parkade Scan","Details:","Parkade Scan @ 18:32hrs.","Daily total:","61","Grand total:","118","Printed:  2/ 8/2026 	13:54:19	","Page 1 / 1 "
,,,,,,,,,,,,,,"Daily Log Detailed List Report","2/ 7/2026  Saturday","Log #:","DL20260006092","Department:","Surveillance","High Priority","Property:","CNS Halifax","Owner:","pdellapinna",,"Location:","Gaming Floor","Created By:","pdellapinna","Sublocation:",,,,"Occurred:",07-Feb-2026   6:38 pm,"End Time:",07-Feb-2026  18:56,"Camera/Monitor:","MS1.1","Status:","Open","Duration:","0 Days 0 Hours 18 Minutes","Topic:","Pit Scan","Details:","ID shots @ 18:38hrs.","Daily total:","61","Grand total:","118","Printed:  2/ 8/2026 	13:54:19	","Page 1 / 1 "
,,,,,,,,,,,,,,"Daily Log Detailed List Report","2/ 7/2026  Saturday","Log #:","DL20260006093","Department:","Surveillance",,"Property:","CNS Halifax","Owner:","sim.kaur",,"Location:","Surveillance","Created By:","sim.kaur","Sublocation:",,,,"Occurred:",07-Feb-2026   6:57 pm,"End Time:",07-Feb-2026  19:04,"Camera/Monitor:","MON 1-4","Status:","Open","Duration:","0 Days 0 Hours 7 Minutes","Topic:","Camera check","Details:","OK","Daily total:","61","Grand total:","118","Printed:  2/ 8/2026 	13:54:19	","Page 1 / 1 "
,,,,,,,,,,,,,,"Daily Log Detailed List Report","2/ 7/2026  Saturday","Log #:","DL20260006094","Department:","Surveillance",,"Property:","CNS Halifax","Owner:","sim.kaur",,"Location:","Pit 3","Created By:","sim.kaur","Sublocation:","RB 1",,,"Occurred:",07-Feb-2026   7:04 pm,"End Time:",07-Feb-2026  19:06,"Camera/Monitor:","MON 1-4","Status:","Open","Duration:","0 Days 0 Hours 2 Minutes","Topic:","Table Fill","Details:","Table Fill RB1 $15100 SO Kulwinder Ghotra","Daily total:","61","Grand total:","118","Printed:  2/ 8/2026 	13:54:19	","Page 1 / 1 "
,,,,,,,,,,,,,,"Daily Log Detailed List Report","2/ 7/2026  Saturday","Log #:","DL20260006095","Department:","Surveillance",,"Property:","CNS Halifax","Owner:","jason.macdonald",,"Location:","Pit 3","Created By:","jason.macdonald","Sublocation:","RB 2",,,"Occurred:",07-Feb-2026   7:23 pm,"End Time:",,"Camera/Monitor:","45","Status:","Open","Duration:",,"Topic:","Card Preparation","Details:","Shuffling and sorting for RB1","Daily total:","61","Grand total:","118","Printed:  2/ 8/2026 	13:54:19	","Page 1 / 1 "
,,,,,,,,,,,,,,"Daily Log Detailed List Report","2/ 7/2026  Saturday","Log #:","DL20260006096","Department:","Surveillance",,"Property:","CNS Halifax","Owner:","jason.macdonald",,"Location:","Slot Zone","Created By:","jason.macdonald","Sublocation:","Zone 3",,,"Occurred:",07-Feb-2026   7:33 pm,"End Time:",07-Feb-2026  19:36,"Camera/Monitor:","MS1","Status:","Open","Duration:","0 Days 0 Hours 3 Minutes","Topic:","Jackpot Dispute","Details:","3.09.01, $68.70 with SSS Kaitlyn and SO Trent","Daily total:","61","Grand total:","118","Printed:  2/ 8/2026 	13:54:19	","Page 1 / 1 "
,,,,,,,,,,,,,,"Daily Log Detailed List Report","2/ 7/2026  Saturday","Log #:","DL20260006097","Department:","Surveillance","High Priority","Property:","CNS Halifax","Owner:","jason.macdonald",,"Location:","Slot Zone","Created By:","jason.macdonald","Sublocation:","Zone 6",,,"Occurred:",07-Feb-2026   7:39 pm,"End Time:",07-Feb-2026  19:41,"Camera/Monitor:","MS1","Status:","Open","Duration:","0 Days 0 Hours 2 Minutes","Topic:","Requested Observation","Details:","Requested Observation: SSS Craig Kelly spinning off a jackpot at 6.02.10","Daily total:","61","Grand total:","118","Printed:  2/ 8/2026 	13:54:19	","Page 1 / 1 "
,,,,,,,,,,,,,,"Daily Log Detailed List Report","2/ 7/2026  Saturday","Log #:","DL20260006098","Department:","Surveillance",,"Property:","CNS Halifax","Owner:","sim.kaur",,"Location:","Pit 1","Created By:","sim.kaur","Sublocation:","LIR1",,,"Occurred:",07-Feb-2026   7:39 pm,"End Time:",07-Feb-2026  19:41,"Camera/Monitor:","MON 1-4","Status:","Open","Duration:","0 Days 0 Hours 2 Minutes","Topic:","Table Fill","Details:","Table Fill $12500 LIR1 SO Santos O","Daily total:","61","Grand total:","118","Printed:  2/ 8/2026 	13:54:19	","Page 1 / 1 "
,,,,,,,,,,,,,,"Daily Log Detailed List Report","2/ 7/2026  Saturday","Log #:","DL20260006099","Department:","Surveillance","High Priority","Property:","CNS Halifax","Owner:","sim.kaur",,"Location:","Pit 3","Created By:","sim.kaur","Sublocation:","RB 1",,,"Occurred:",07-Feb-2026   7:42 pm,"End Time:",07-Feb-2026  20:05,"Camera/Monitor:","42","Status:","Open","Duration:","0 Days 0 Hours 23 Minutes","Topic:","Observation","Details:","Observation: Dealers (Tim Moffat/ Elizabeth Briggs) on RB1.","Daily total:","61","Grand total:","118","Printed:  2/ 8/2026 	13:54:19	","Page 1 / 1 "
,,,,,,,,,,,,,,"Daily Log Detailed List Report","2/ 7/2026  Saturday","Log #:","DL20260006100","Department:","Surveillance",,"Property:","CNS Halifax","Owner:","jason.macdonald",,"Location:","Poker Room","Created By:","jason.macdonald","Sublocation:","Poker 4",,,"Occurred:",07-Feb-2026   7:43 pm,"End Time:",07-Feb-2026  19:46,"Camera/Monitor:","MS1","Status:","Open","Duration:","0 Days 0 Hours 3 Minutes","Topic:","Table Fill","Details:","PK4, $6100 by SO Santos Onwuzrike","Daily total:","61","Grand total:","118","Printed:  2/ 8/2026 	13:54:19	","Page 1 / 1 "
,,,,,,,,,,,,,,"Daily Log Detailed List Report","2/ 7/2026  Saturday","Log #:","DL20260006101","Department:","Surveillance",,"Property:","CNS Halifax","Owner:","jason.macdonald",,"Location:","Pit 1","Created By:","jason.macdonald","Sublocation:","FBB 1",,,"Occurred:",07-Feb-2026   7:50 pm,"End Time:",07-Feb-2026  19:54,"Camera/Monitor:","MS1","Status:","Open","Duration:","0 Days 0 Hours 4 Minutes","Topic:","Table Fill","Details:","FBB, $15000 by SO Santos Onwuzrike","Daily total:","61","Grand total:","118","Printed:  2/ 8/2026 	13:54:19	","Page 1 / 1 "
,,,,,,,,,,,,,,"Daily Log Detailed List Report","2/ 7/2026  Saturday","Log #:","DL20260006105","Department:","Surveillance",,"Property:","CNS Halifax","Owner:","sim.kaur",,"Location:","Pit 3","Created By:","sim.kaur","Sublocation:","RB 2",,,"Occurred:",07-Feb-2026   8:03 pm,"End Time:",,"Camera/Monitor:",,"Status:","Open","Duration:",,"Topic:","Card Preparation","Details:","Shuffling and sorting on RB2","Daily total:","61","Grand total:","118","Printed:  2/ 8/2026 	13:54:19	","Page 1 / 1 "
,,,,,,,,,,,,,,"Daily Log Detailed List Report","2/ 7/2026  Saturday","Log #:","DL20260006107","Department:","Surveillance","High Priority","Property:","CNS Halifax","Owner:","jason.macdonald",,"Location:","Poker Room","Created By:","jason.macdonald","Sublocation:","Poker 5",,,"Occurred:",07-Feb-2026   8:10 pm,"End Time:",07-Feb-2026  20:15,"Camera/Monitor:","MS1","Status:","Open","Duration:","0 Days 0 Hours 5 Minutes","Topic:","Requested Observation","Details:","Requested Observation: CSM Corey Callaghan speaking to two males at PK5, spots 1 and 3. Also present were SS Sean Howell and SO Will Scott. According to Sean, they had been arguing about the speed of the game. After conversations with each, both were allowed to remain on property and continued at the same table.","Daily total:","61","Grand total:","118","Printed:  2/ 8/2026 	13:54:19	","Page 1 / 1 "
,,,,,,,,,,,,,,"Daily Log Detailed List Report","2/ 7/2026  Saturday","Log #:","DL20260006108","Department:","Surveillance","High Priority","Property:","CNS Halifax","Owner:","sim.kaur",,"Location:","Pit 3","Created By:","sim.kaur","Sublocation:","UTH2",,,"Occurred:",07-Feb-2026   8:18 pm,"End Time:",07-Feb-2026  20:27,"Camera/Monitor:","MON 1-4","Status:","Open","Duration:","0 Days 0 Hours 9 Minutes","Topic:","Straight Flush","Details:","Straight Flush: UTH2, spot 5, Teal deck, 7-J of diamonds, DQ, $2325 ($1250 Blind, $1000 Trips, $50 play & $25ante) won by Terry Miller (PC #413428). Reviewed back to previous like coloured round with nothing suspicious observed.","Daily total:","61","Grand total:","118","Printed:  2/ 8/2026 	13:54:19	","Page 1 / 1 "
,,,,,,,,,,,,,,"Daily Log Detailed List Report","2/ 7/2026  Saturday","Log #:","DL20260006109","Department:","Surveillance","High Priority","Property:","CNS Halifax","Owner:","jason.macdonald",,"Location:","Gaming Floor","Created By:","jason.macdonald","Sublocation:",,,,"Occurred:",07-Feb-2026   8:25 pm,"End Time:",07-Feb-2026  20:46,"Camera/Monitor:","MS1","Status:","Open","Duration:","0 Days 0 Hours 21 Minutes","Topic:","Pit Scan","Details:","ID shots @ 2025hrs","Daily total:","61","Grand total:","118","Printed:  2/ 8/2026 	13:54:19	","Page 1 / 1 "
,,,,,,,,,,,,,,"Daily Log Detailed List Report","2/ 7/2026  Saturday","Log #:","DL20260006110","Department:","Surveillance","High Priority","Property:","CNS Halifax","Owner:","sim.kaur",,"Location:","Parking Lot","Created By:","sim.kaur","Sublocation:",,,,"Occurred:",07-Feb-2026   8:28 pm,"End Time:",07-Feb-2026  20:36,"Camera/Monitor:","MON 1-4","Status:","Open","Duration:","0 Days 0 Hours 8 Minutes","Topic:","Parkade Scan","Details:","Parkade Scan @ 2028hrs","Daily total:","61","Grand total:","118","Printed:  2/ 8/2026 	13:54:19	","Page 1 / 1 "
,,,,,,,,,,,,,,"Daily Log Detailed List Report","2/ 7/2026  Saturday","Log #:","DL20260006111","Department:","Surveillance",,"Property:","CNS Halifax","Owner:","ndethe",,"Location:","Surveillance","Created By:","ndethe","Sublocation:",,,,"Occurred:",07-Feb-2026   8:45 pm,"End Time:",07-Feb-2026  20:50,"Camera/Monitor:","All","Status:","Open","Duration:","0 Days 0 Hours 5 Minutes","Topic:","Camera check","Details:","All ok","Daily total:","61","Grand total:","118","Printed:  2/ 8/2026 	13:54:19	","Page 1 / 1 "
,,,,,,,,,,,,,,"Daily Log Detailed List Report","2/ 7/2026  Saturday","Log #:","DL20260006114","Department:","Surveillance","High Priority","Property:","CNS Halifax","Owner:","sim.kaur",,"Location:","Pit 3","Created By:","sim.kaur","Sublocation:","BJ10",,,"Occurred:",07-Feb-2026   8:55 pm,"End Time:",07-Feb-2026  21:17,"Camera/Monitor:","40","Status:","Open","Duration:","0 Days 0 Hours 22 Minutes","Topic:","Observation","Details:","Observation: Dealers (Simran Kaur/ Gabriel Lynch) on BJ10.","Daily total:","61","Grand total:","118","Printed:  2/ 8/2026 	13:54:19	","Page 1 / 1 "
,,,,,,,,,,,,,,"Daily Log Detailed List Report","2/ 7/2026  Saturday","Log #:","DL20260006115","Department:","Surveillance","High Priority","Property:","CNS Halifax","Owner:","jason.macdonald",,"Location:","Slot Zone","Created By:","jason.macdonald","Sublocation:","Zone 4",,,"Occurred:",07-Feb-2026   8:53 pm,"End Time:",07-Feb-2026  20:58,"Camera/Monitor:","248, MS1","Status:","Open","Duration:","0 Days 0 Hours 5 Minutes","Topic:","Requested Observation","Details:","Requested Observation: SS Sean Howell speaking to a female at 4.10.02","Daily total:","61","Grand total:","118","Printed:  2/ 8/2026 	13:54:19	","Page 1 / 1 "
,,,,,,,,,,,,,,"Daily Log Detailed List Report","2/ 7/2026  Saturday","Log #:","DL20260006116","Department:","Surveillance",,"Property:","CNS Halifax","Owner:","sim.kaur",,"Location:","Pit 3","Created By:","sim.kaur","Sublocation:","BJ8",,,"Occurred:",07-Feb-2026   9:03 pm,"End Time:",,"Camera/Monitor:",,"Status:","Open","Duration:",,"Topic:","Card Preparation","Details:","Sort and Shuffle on BJ8","Daily total:","61","Grand total:","118","Printed:  2/ 8/2026 	13:54:19	","Page 1 / 1 "
,,,,,,,,,,,,,,"Daily Log Detailed List Report","2/ 7/2026  Saturday","Log #:","DL20260006117","Department:","Surveillance",,"Property:","CNS Halifax","Owner:","ndethe",,"Location:","Pit 1","Created By:","ndethe","Sublocation:","LIR1",,,"Occurred:",07-Feb-2026   9:11 pm,"End Time:",,"Camera/Monitor:","17","Status:","Open","Duration:",,"Topic:","Information","Details:","ST John replacing the auto-shuffler at LIR1","Daily total:","61","Grand total:","118","Printed:  2/ 8/2026 	13:54:19	","Page 1 / 1 "
,,,,,,,,,,,,,,"Daily Log Detailed List Report","2/ 7/2026  Saturday","Log #:","DL20260006118","Department:","Surveillance",,"Property:","CNS Halifax","Owner:","sim.kaur",,"Location:","Cage","Created By:","sim.kaur","Sublocation:","Main Bank",,,"Occurred:",07-Feb-2026   9:15 pm,"End Time:",,"Camera/Monitor:",,"Status:","Open","Duration:",,"Topic:","NRT Fill","Details:","CS Jack P/ CC Genevieve loading 2 sets of NRT cassettes.","Daily total:","61","Grand total:","118","Printed:  2/ 8/2026 	13:54:19	","Page 1 / 1 "
,,,,,,,,,,,,,,"Daily Log Detailed List Report","2/ 7/2026  Saturday","Log #:","DL20260006119","Department:","Surveillance","High Priority","Property:","CNS Halifax","Owner:","ndethe",,"Location:","Pit 3","Created By:","ndethe","Sublocation:","RB 1",,,"Occurred:",07-Feb-2026   9:28 pm,"End Time:",07-Feb-2026  21:48,"Camera/Monitor:","MON 3-4","Status:","Open","Duration:","0 Days 0 Hours 20 Minutes","Topic:","Observation","Details:","Observation: Dealer (Simran Kaur) at RB1","Daily total:","61","Grand total:","118","Printed:  2/ 8/2026 	13:54:19	","Page 1 / 1 "
,,,,,,,,,,,,,,"Daily Log Detailed List Report","2/ 7/2026  Saturday","Log #:","DL20260006120","Department:","Surveillance","High Priority","Property:","CNS Halifax","Owner:","jason.macdonald","Incident Created","Location:","Slot Zone","Created By:","jason.macdonald","Sublocation:","Zone 8",,,"Occurred:",07-Feb-2026   9:14 pm,"End Time:",07-Feb-2026  21:33,"Camera/Monitor:","MS1","Status:","Open","Duration:","0 Days 0 Hours 19 Minutes","Topic:","Criminal Activity - Theft","Details:","Criminal Activity - Theft: Security Supervisor Sean Howell asked for coverage of a female at 8.13.06 as she stated she had forgotten her gift as she left the machine, but when she returned it was gone. A review showed her leaving it beside the machine and a male collecting it and giving it to a female he was with. They wandered the gaming floor and were found in the Guest Smoking area. They were both using Player's cards identifying them as Mike and Kimberly Anstey (PC#635753 and 579376). As they re-entered the gaming floor SS Sean Howell stopped them, taking the gift from the woman. Sean stated they were removed for the evening and they left via Post 2, leaving in a red GMC Sierra truck #HKF 879. Footage was saved to RM2026-54, photos saved to picture storage and IR#2026-282 was created.","Daily total:","61","Grand total:","118","Printed:  2/ 8/2026 	13:54:19	","Page 1 / 1 "
,,,,,,,,,,,,,,"Daily Log Detailed List Report","2/ 7/2026  Saturday","Log #:","DL20260006121","Department:","Surveillance","High Priority","Property:","CNS Halifax","Owner:","sim.kaur",,"Location:","Pit 1","Created By:","sim.kaur","Sublocation:","BJ 5",,,"Occurred:",07-Feb-2026   9:38 pm,"End Time:",07-Feb-2026  21:40,"Camera/Monitor:",,"Status:","Open","Duration:","0 Days 0 Hours 2 Minutes","Topic:","FINTRAC","Details:","FINTRAC: Wing “Michael” Chan (PC: 244888) buy-in of $5000 on BJ5. POF: TD Bank receipt.","Daily total:","61","Grand total:","118","Printed:  2/ 8/2026 	13:54:19	","Page 1 / 1 "
,,,,,,,,,,,,,,"Daily Log Detailed List Report","2/ 7/2026  Saturday","Log #:","DL20260006124","Department:","Surveillance",,"Property:","CNS Halifax","Owner:","ndethe",,"Location:","Pit 3","Created By:","ndethe","Sublocation:","BJ9",,,"Occurred:",07-Feb-2026   9:54 pm,"End Time:",,"Camera/Monitor:","MON 3-4","Status:","Open","Duration:",,"Topic:","Table Fill","Details:","Table Fill: $25,100 at BJ9 by SO Santos","Daily total:","61","Grand total:","118","Printed:  2/ 8/2026 	13:54:19	","Page 1 / 1 "
,,,,,,,,,,,,,,"Daily Log Detailed List Report","2/ 7/2026  Saturday","Log #:","DL20260006125","Department:","Surveillance","High Priority","Property:","CNS Halifax","Owner:","sim.kaur",,"Location:","Slot Zone","Created By:","sim.kaur","Sublocation:","Zone 5",,,"Occurred:",07-Feb-2026   9:55 pm,"End Time:",07-Feb-2026  22:00,"Camera/Monitor:","MON 1-4","Status:","Open","Duration:","0 Days 0 Hours 5 Minutes","Topic:","Jackpot","Details:","Jackpot at 05.01.04 for $6460, won by Mitchell Libratore.","Daily total:","61","Grand total:","118","Printed:  2/ 8/2026 	13:54:19	","Page 1 / 1 "
,,,,,,,,,,,,,,"Daily Log Detailed List Report","2/ 7/2026  Saturday","Log #:","DL20260006126","Department:","Surveillance","High Priority","Property:","CNS Halifax","Owner:","jason.macdonald",,"Location:","Gaming Floor","Created By:","jason.macdonald","Sublocation:",,,,"Occurred:",07-Feb-2026   9:59 pm,"End Time:",07-Feb-2026  22:01,"Camera/Monitor:","220, MS1","Status:","Open","Duration:","0 Days 0 Hours 2 Minutes","Topic:","Requested Observation","Details:","Requested Observation: SRS Dante Whiteway taking a pill from the ledge near the Pit 1 ATMs that was found by F&B Sup Koraljka Matinjanin. Dante brought it to Post 1 and disposed of it in the yellow sharps bin.","Daily total:","61","Grand total:","118","Printed:  2/ 8/2026 	13:54:19	","Page 1 / 1 "
,,,,,,,,,,,,,,"Daily Log Detailed List Report","2/ 7/2026  Saturday","Log #:","DL20260006127","Department:","Surveillance",,"Property:","CNS Halifax","Owner:","ndethe",,"Location:","Pit 1","Created By:","ndethe","Sublocation:","BJ 2",,,"Occurred:",07-Feb-2026  10:06 pm,"End Time:",,"Camera/Monitor:","MON 3-3, MON 3-4","Status:","Open","Duration:",,"Topic:","Table Fill","Details:","Table Fill: $6100 at BJ2 by SO Trent","Daily total:","61","Grand total:","118","Printed:  2/ 8/2026 	13:54:19	","Page 1 / 1 "
,,,,,,,,,,,,,,"Daily Log Detailed List Report","2/ 7/2026  Saturday","Log #:","DL20260006128","Department:","Surveillance","High Priority","Property:","CNS Halifax","Owner:","sim.kaur",,"Location:","Gaming Floor","Created By:","sim.kaur","Sublocation:",,,,"Occurred:",07-Feb-2026  10:14 pm,"End Time:",07-Feb-2026  22:22,"Camera/Monitor:","481","Status:","Open","Duration:","0 Days 0 Hours 8 Minutes","Topic:","Other","Details:","ID Shots of Patrons entering via Post 2 after event upstairs @ 2214hrs.","Daily total:","61","Grand total:","118","Printed:  2/ 8/2026 	13:54:19	","Page 1 / 1 "
,,,,,,,,,,,,,,"Daily Log Detailed List Report","2/ 7/2026  Saturday","Log #:","DL20260006129","Department:","Surveillance","High Priority","Property:","CNS Halifax","Owner:","sim.kaur",,"Location:","Parking Lot","Created By:","sim.kaur","Sublocation:",,,,"Occurred:",07-Feb-2026  10:22 pm,"End Time:",07-Feb-2026  22:31,"Camera/Monitor:",,"Status:","Open","Duration:","0 Days 0 Hours 9 Minutes","Topic:","Parkade Scan","Details:","Parkade Scan @ 2222hrs","Daily total:","61","Grand total:","118","Printed:  2/ 8/2026 	13:54:19	","Page 1 / 1 "
,,,,,,,,,,,,,,"Daily Log Detailed List Report","2/ 7/2026  Saturday","Log #:","DL20260006130","Department:","Surveillance","High Priority","Property:","CNS Halifax","Owner:","ndethe",,"Location:","Gaming Floor","Created By:","ndethe","Sublocation:",,,,"Occurred:",07-Feb-2026  10:23 pm,"End Time:",07-Feb-2026  22:35,"Camera/Monitor:","MON 3-4","Status:","Open","Duration:","0 Days 0 Hours 12 Minutes","Topic:","Pit Scan","Details:","ID Shots @ 2223hrs","Daily total:","61","Grand total:","118","Printed:  2/ 8/2026 	13:54:19	","Page 1 / 1 "
,,,,,,,,,,,,,,"Daily Log Detailed List Report","2/ 7/2026  Saturday","Log #:","DL20260006132","Department:","Surveillance","High Priority","Property:","CNS Halifax","Owner:","jason.macdonald","Incident Created","Location:","Gaming Floor","Created By:","jason.macdonald","Sublocation:",,,,"Occurred:",07-Feb-2026  10:25 pm,"End Time:",07-Feb-2026  22:39,"Camera/Monitor:","289,284, MS1","Status:","Open","Duration:","0 Days 0 Hours 14 Minutes","Topic:","PPA Issued/Violation","Details:","PPA Issued: Security Supervisor Sean Howell, Security Relief Supervisor Dante Whiteway and Security Officers Trent Price, Lindy Brunelle approached PPA#2026-010 at the ATMs near the May Garden restaurant. The male had not been issued his PPA from the 10th of January. It was presented to him and he was removed from property. A review showed the male giving ID at Post 2 at 2202hrs and SS Sean was informed for identification purposes.","Daily total:","61","Grand total:","118","Printed:  2/ 8/2026 	13:54:19	","Page 1 / 1 "
,,,,,,,,,,,,,,"Daily Log Detailed List Report","2/ 7/2026  Saturday","Log #:","DL20260006133","Department:","Surveillance",,"Property:","CNS Halifax","Owner:","ndethe",,"Location:","Pit 1","Created By:","ndethe","Sublocation:","BJ 4",,,"Occurred:",07-Feb-2026  10:39 pm,"End Time:",,"Camera/Monitor:","MON 3-4","Status:","Open","Duration:",,"Topic:","Table Fill","Details:","Table Fill: $10,990 at BJ4 by SO Trent","Daily total:","61","Grand total:","118","Printed:  2/ 8/2026 	13:54:19	","Page 1 / 1 "
,,,,,,,,,,,,,,"Daily Log Detailed List Report","2/ 7/2026  Saturday","Log #:","DL20260006134","Department:","Surveillance","High Priority","Property:","CNS Halifax","Owner:","ndethe",,"Location:","Pit 3","Created By:","ndethe","Sublocation:","BJ10",,,"Occurred:",07-Feb-2026  10:44 pm,"End Time:",,"Camera/Monitor:","MON 3-3","Status:","Open","Duration:",,"Topic:","Removal","Details:","Removal: SRS Dante Whiteway removing 1xUM from BJ10, Spot 3 due to behavior towards the staff. Picture saved as UM07Feb26(8).","Daily total:","61","Grand total:","118","Printed:  2/ 8/2026 	13:54:19	","Page 1 / 1 "
,,,,,,,,,,,,,,"Daily Log Detailed List Report","2/ 7/2026  Saturday","Log #:","DL20260006135","Department:","Surveillance","High Priority","Property:","CNS Halifax","Owner:","sim.kaur",,"Location:","Pit 3","Created By:","sim.kaur","Sublocation:","RB 2",,,"Occurred:",07-Feb-2026  10:47 pm,"End Time:",07-Feb-2026  23:08,"Camera/Monitor:","45","Status:","Open","Duration:","0 Days 0 Hours 21 Minutes","Topic:","Observation","Details:","Observation: Dealers (Gabriel Lynch/ Nicholas Maheu) on RB2.","Daily total:","61","Grand total:","118","Printed:  2/ 8/2026 	13:54:19	","Page 1 / 1 "
,,,,,,,,,,,,,,"Daily Log Detailed List Report","2/ 7/2026  Saturday","Log #:","DL20260006140","Department:","Surveillance","High Priority","Property:","CNS Halifax","Owner:","sim.kaur",,"Location:","Slot Zone","Created By:","sim.kaur","Sublocation:","Zone 2",,,"Occurred:",07-Feb-2026  11:03 pm,"End Time:",07-Feb-2026  23:08,"Camera/Monitor:","MON 1-4","Status:","Open","Duration:","0 Days 0 Hours 5 Minutes","Topic:","Jackpot","Details:","Jackpot at 02.09.03 for $8219.87, won by Brenda Gillie.","Daily total:","61","Grand total:","118","Printed:  2/ 8/2026 	13:54:19	","Page 1 / 1 "
,,,,,,,,,,,,,,"Daily Log Detailed List Report","2/ 7/2026  Saturday","Log #:","DL20260006141","Department:","Surveillance",,"Property:","CNS Halifax","Owner:","ndethe",,"Location:","Pit 3","Created By:","ndethe","Sublocation:","BJ8",,,"Occurred:",07-Feb-2026  11:07 pm,"End Time:",,"Camera/Monitor:","MON 3-4","Status:","Open","Duration:",,"Topic:","Card Preparation","Details:","Shuffle and Sort at BJ8","Daily total:","61","Grand total:","118","Printed:  2/ 8/2026 	13:54:19	","Page 1 / 1 "
,,,,,,,,,,,,,,"Daily Log Detailed List Report","2/ 7/2026  Saturday","Log #:","DL20260006143","Department:","Surveillance","High Priority","Property:","CNS Halifax","Owner:","jason.macdonald",,"Location:","Gaming Floor","Created By:","jason.macdonald","Sublocation:","3Sixty",,,"Occurred:",07-Feb-2026  11:26 pm,"End Time:",07-Feb-2026  23:30,"Camera/Monitor:","457,277","Status:","Open","Duration:","0 Days 0 Hours 4 Minutes","Topic:","Requested Observation","Details:","Requested Observation: SRS Dante Whiteway and SO Kulwinder Ghotra approached a male for assessment at the 3Sixty bar. His partner stated they were already leaving and the couple left on foot through the pedway.","Daily total:","61","Grand total:","118","Printed:  2/ 8/2026 	13:54:19	","Page 1 / 1 "
,,,,,,,,,,,,,,"Daily Log Detailed List Report","2/ 7/2026  Saturday","Log #:","DL20260006144","Department:","Surveillance",,"Property:","CNS Halifax","Owner:","ndethe",,"Location:","Pit 3","Created By:","ndethe","Sublocation:","UTH2",,,"Occurred:",07-Feb-2026  11:34 pm,"End Time:",,"Camera/Monitor:","MON 3-4","Status:","Open","Duration:",,"Topic:","Table Fill","Details:","Table Fill: $29,250 at UTH2 by SO Trent","Daily total:","61","Grand total:","118","Printed:  2/ 8/2026 	13:54:19	","Page 1 / 1 "
,,,,,,,,,,,,,,"Daily Log Detailed List Report","2/ 7/2026  Saturday","Log #:","DL20260006145","Department:","Surveillance","High Priority","Property:","CNS Halifax","Owner:","sim.kaur",,"Location:","Slot Zone","Created By:","sim.kaur","Sublocation:","Zone 3",,,"Occurred:",07-Feb-2026  11:58 pm,"End Time:",08-Feb-2026   0:02,"Camera/Monitor:","MON 1-4","Status:","Open","Duration:","0 Days 0 Hours 4 Minutes","Topic:","Jackpot","Details:","Jackpot at 03.08.01 for $10707.62, won by Christina Mccann. Saved to LJP2026- 51","Daily total:","61","Grand total:","118","Printed:  2/ 8/2026 	13:54:19	","Page 1 / 1 "
,,,,,,,,,,,,,,"Daily Log Detailed List Report","2/ 8/2026  Sunday","Log #:","DL20260006148","Department:","Surveillance",,"Property:","CNS Halifax","Owner:","ndethe",,"Location:","Pit 3","Created By:","ndethe","Sublocation:","BJ8",,,"Occurred:",08-Feb-2026  12:00 am,"End Time:",,"Camera/Monitor:","47","Status:","Open","Duration:",,"Topic:","Card Preparation","Details:","Shuffling and Sorting on BJ8","Daily total:","57","Grand total:","118","Printed:  2/ 8/2026 	13:54:19	","Page 1 / 1 "
,,,,,,,,,,,,,,"Daily Log Detailed List Report","2/ 8/2026  Sunday","Log #:","DL20260006149","Department:","Surveillance",,"Property:","CNS Halifax","Owner:","ndethe",,"Location:","Surveillance","Created By:","ndethe","Sublocation:",,,,"Occurred:",08-Feb-2026  12:01 am,"End Time:",08-Feb-2026   0:08,"Camera/Monitor:","All","Status:","Open","Duration:","0 Days 0 Hours 7 Minutes","Topic:","Camera check","Details:","All ok","Daily total:","57","Grand total:","118","Printed:  2/ 8/2026 	13:54:19	","Page 1 / 1 "
,,,,,,,,,,,,,,"Daily Log Detailed List Report","2/ 8/2026  Sunday","Log #:","DL20260006152","Department:","Surveillance",,"Property:","CNS Halifax","Owner:","jason.macdonald",,"Location:","Pit 1","Created By:","jason.macdonald","Sublocation:","UTH1",,,"Occurred:",08-Feb-2026  12:01 am,"End Time:",08-Feb-2026   0:06,"Camera/Monitor:","MS1","Status:","Open","Duration:","0 Days 0 Hours 5 Minutes","Topic:","Table Fill","Details:","UTH1, $7040
BJ5, $8050 by SO Kulwinder Ghotra","Daily total:","57","Grand total:","118","Printed:  2/ 8/2026 	13:54:19	","Page 1 / 1 "
,,,,,,,,,,,,,,"Daily Log Detailed List Report","2/ 8/2026  Sunday","Log #:","DL20260006153","Department:","Surveillance","High Priority","Property:","CNS Halifax","Owner:","jason.macdonald",,"Location:","Parking Lot","Created By:","jason.macdonald","Sublocation:",,,,"Occurred:",08-Feb-2026  12:10 am,"End Time:",08-Feb-2026   0:21,"Camera/Monitor:","MS1","Status:","Open","Duration:","0 Days 0 Hours 11 Minutes","Topic:","Parkade Scan","Details:","Parkade Scan @ 0011hrs","Daily total:","57","Grand total:","118","Printed:  2/ 8/2026 	13:54:19	","Page 1 / 1 "
,,,,,,,,,,,,,,"Daily Log Detailed List Report","2/ 8/2026  Sunday","Log #:","DL20260006155","Department:","Surveillance","High Priority","Property:","CNS Halifax","Owner:","sim.kaur",,"Location:","Gaming Floor","Created By:","sim.kaur","Sublocation:",,,,"Occurred:",08-Feb-2026  12:19 am,"End Time:",08-Feb-2026   0:32,"Camera/Monitor:",,"Status:","Open","Duration:","0 Days 0 Hours 13 Minutes","Topic:","Pit Scan","Details:","ID Shots @ 0019hrs","Daily total:","57","Grand total:","118","Printed:  2/ 8/2026 	13:54:19	","Page 1 / 1 "
,,,,,,,,,,,,,,"Daily Log Detailed List Report","2/ 8/2026  Sunday","Log #:","DL20260006156","Department:","Surveillance","High Priority","Property:","CNS Halifax","Owner:","ndethe",,"Location:","Pit 3","Created By:","ndethe","Sublocation:","RB 2",,,"Occurred:",08-Feb-2026  12:31 am,"End Time:",08-Feb-2026   0:51,"Camera/Monitor:","45","Status:","Open","Duration:","0 Days 0 Hours 20 Minutes","Topic:","Observation","Details:","Observation: Dealers (James Cameron/Eunelyn Arnoco) at RB2","Daily total:","57","Grand total:","118","Printed:  2/ 8/2026 	13:54:19	","Page 1 / 1 "
,,,,,,,,,,,,,,"Daily Log Detailed List Report","2/ 8/2026  Sunday","Log #:","DL20260006157","Department:","Surveillance",,"Property:","CNS Halifax","Owner:","ndethe",,"Location:","Pit 1","Created By:","ndethe","Sublocation:","BJ6",,,"Occurred:",08-Feb-2026  12:32 am,"End Time:",,"Camera/Monitor:","MON 3-2, MON 3-3","Status:","Open","Duration:",,"Topic:","Table Fill","Details:","Table Fill: $14,500 at BJ6 by SO Kulwinder","Daily total:","57","Grand total:","118","Printed:  2/ 8/2026 	13:54:19	","Page 1 / 1 "
,,,,,,,,,,,,,,"Daily Log Detailed List Report","2/ 8/2026  Sunday","Log #:","DL20260006159","Department:","Surveillance",,"Property:","CNS Halifax","Owner:","ndethe",,"Location:","Cage","Created By:","ndethe","Sublocation:",,,,"Occurred:",08-Feb-2026  12:54 am,"End Time:",08-Feb-2026   0:58,"Camera/Monitor:","MON 3-4","Status:","Open","Duration:","0 Days 0 Hours 4 Minutes","Topic:","Security Escort","Details:","SO Ashishdeep and CSup Kwame","Daily total:","57","Grand total:","118","Printed:  2/ 8/2026 	13:54:19	","Page 1 / 1 "
,,,,,,,,,,,,,,"Daily Log Detailed List Report","2/ 8/2026  Sunday","Log #:","DL20260006162","Department:","Surveillance",,"Property:","CNS Halifax","Owner:","jason.macdonald",,"Location:","Cage","Created By:","jason.macdonald","Sublocation:",,,,"Occurred:",08-Feb-2026   1:00 am,"End Time:",08-Feb-2026   1:03,"Camera/Monitor:","MS1","Status:","Open","Duration:","0 Days 0 Hours 3 Minutes","Topic:","Security Escort","Details:","CS Kwame and SO Kulwinder","Daily total:","57","Grand total:","118","Printed:  2/ 8/2026 	13:54:19	","Page 1 / 1 "
,,,,,,,,,,,,,,"Daily Log Detailed List Report","2/ 8/2026  Sunday","Log #:","DL20260006163","Department:","Surveillance",,"Property:","CNS Halifax","Owner:","sim.kaur",,"Location:","Pit 3","Created By:","sim.kaur","Sublocation:","BJ8",,,"Occurred:",08-Feb-2026   1:05 am,"End Time:",,"Camera/Monitor:",,"Status:","Open","Duration:",,"Topic:","Card Preparation","Details:","Sorting on BJ8","Daily total:","57","Grand total:","118","Printed:  2/ 8/2026 	13:54:19	","Page 1 / 1 "
,,,,,,,,,,,,,,"Daily Log Detailed List Report","2/ 8/2026  Sunday","Log #:","DL20260006164","Department:","Surveillance","High Priority","Property:","CNS Halifax","Owner:","sim.kaur",,"Location:","Pit 3","Created By:","sim.kaur","Sublocation:","UTH2",,,"Occurred:",08-Feb-2026   1:08 am,"End Time:",08-Feb-2026   1:37,"Camera/Monitor:","MON 1-4","Status:","Open","Duration:","0 Days 0 Hours 29 Minutes","Topic:","Straight Flush","Details:","Straight Flush: UTH2, spot 3, Purple deck, 6-10 of diamonds, DQ, $3300 ($1250 Blind, $2000 Trips, $25 play & $25 ante) won by Phung Huyen (PC #518699). Reviewed back to previous like coloured round with nothing suspicious observed. Saved to TG2026-22.","Daily total:","57","Grand total:","118","Printed:  2/ 8/2026 	13:54:19	","Page 1 / 1 "
,,,,,,,,,,,,,,"Daily Log Detailed List Report","2/ 8/2026  Sunday","Log #:","DL20260006166","Department:","Surveillance","High Priority","Property:","CNS Halifax","Owner:","ndethe",,"Location:","Pit 1","Created By:","ndethe","Sublocation:","BJ 5",,,"Occurred:",08-Feb-2026   1:12 am,"End Time:",,"Camera/Monitor:","18, 13","Status:","Open","Duration:",,"Topic:","Requested Observation","Details:","Requested Observation: SS Sean Howell speaking with 1xUM at Spot 1, BJ5","Daily total:","57","Grand total:","118","Printed:  2/ 8/2026 	13:54:19	","Page 1 / 1 "
,,,,,,,,,,,,,,"Daily Log Detailed List Report","2/ 8/2026  Sunday","Log #:","DL20260006167","Department:","Surveillance",,"Property:","CNS Halifax","Owner:","jason.macdonald",,"Location:","Back of House","Created By:","jason.macdonald","Sublocation:","Receiving",,,"Occurred:",08-Feb-2026   1:12 am,"End Time:",08-Feb-2026   1:19,"Camera/Monitor:","MS1","Status:","Open","Duration:","0 Days 0 Hours 7 Minutes","Topic:","Information","Details:","SRS Dante Whiteway stated there was a carbon monoxide alarm sounding in the loading bay area and live coverage was initiated. SS Sean Howell joined him and silenced the alarm, raising the bay doors for a few minutes.","Daily total:","57","Grand total:","118","Printed:  2/ 8/2026 	13:54:19	","Page 1 / 1 "
,,,,,,,,,,,,,,"Daily Log Detailed List Report","2/ 8/2026  Sunday","Log #:","DL20260006172","Department:","Surveillance","High Priority","Property:","CNS Halifax","Owner:","ndethe",,"Location:","Back of House","Created By:","ndethe","Sublocation:","Interview Room",,,"Occurred:",08-Feb-2026   1:58 am,"End Time:",08-Feb-2026   2:23,"Camera/Monitor:","MON 3-4","Status:","Open","Duration:","0 Days 0 Hours 25 Minutes","Topic:","Self-Exclusion Application","Details:","Self-Exclusion Application: New VSE #2493 Gabriel Stieh with Security Relief Supervisor Dante Whiteway, INT2026-05.","Daily total:","57","Grand total:","118","Printed:  2/ 8/2026 	13:54:19	","Page 1 / 1 "
,,,,,,,,,,,,,,"Daily Log Detailed List Report","2/ 8/2026  Sunday","Log #:","DL20260006173","Department:","Surveillance","High Priority","Property:","CNS Halifax","Owner:","sim.kaur",,"Location:","Cage","Created By:","sim.kaur","Sublocation:","FW 1",,,"Occurred:",08-Feb-2026   1:53 am,"End Time:",08-Feb-2026   2:00,"Camera/Monitor:","MON 1-4","Status:","Open","Duration:","0 Days 0 Hours 7 Minutes","Topic:","Surveillance Initiated Review","Details:","Surveillance Initiated Review: After Cage Supervisor Ivonne advised that a guest handed her a 1x4100 bill that was found in front of FW1 on the ground. Surveillance Initiated a Review and noted that a known guest named Kevin Lin (No PC card) happened to drop it at around 1:43 hours and left property right after. Cage Supervisor was advised.","Daily total:","57","Grand total:","118","Printed:  2/ 8/2026 	13:54:19	","Page 1 / 1 "
,,,,,,,,,,,,,,"Daily Log Detailed List Report","2/ 8/2026  Sunday","Log #:","DL20260006175","Department:","Surveillance","High Priority","Property:","CNS Halifax","Owner:","jason.macdonald",,"Location:","Gaming Floor","Created By:","jason.macdonald","Sublocation:",,,,"Occurred:",08-Feb-2026   2:14 am,"End Time:",08-Feb-2026   2:32,"Camera/Monitor:","MS1","Status:","Open","Duration:","0 Days 0 Hours 18 Minutes","Topic:","Pit Scan","Details:","ID shots @ 0215hrs","Daily total:","57","Grand total:","118","Printed:  2/ 8/2026 	13:54:19	","Page 1 / 1 "
,,,,,,,,,,,,,,"Daily Log Detailed List Report","2/ 8/2026  Sunday","Log #:","DL20260006176","Department:","Surveillance","High Priority","Property:","CNS Halifax","Owner:","ndethe",,"Location:","Parking Lot","Created By:","ndethe","Sublocation:",,,,"Occurred:",08-Feb-2026   2:27 am,"End Time:",,"Camera/Monitor:","701-726","Status:","Open","Duration:",,"Topic:","Parkade Scan","Details:","Parkade Scan @ 0227hrs","Daily total:","57","Grand total:","118","Printed:  2/ 8/2026 	13:54:19	","Page 1 / 1 "
,,,,,,,,,,,,,,"Daily Log Detailed List Report","2/ 8/2026  Sunday","Log #:","DL20260006177","Department:","Surveillance","High Priority","Property:","CNS Halifax","Owner:","ndethe",,"Location:","Pit 1","Created By:","ndethe","Sublocation:",,,,"Occurred:",08-Feb-2026   2:45 am,"End Time:",,"Camera/Monitor:","MON 3-4","Status:","Open","Duration:",,"Topic:","Requested Observation","Details:","Requested Observation: SO Trent Price found a wallet at Pit 1, handed to him by CSM Trevor Poole. Logged into lost and found by SO Trent.","Daily total:","57","Grand total:","118","Printed:  2/ 8/2026 	13:54:19	","Page 1 / 1 "
,,,,,,,,,,,,,,"Daily Log Detailed List Report","2/ 8/2026  Sunday","Log #:","DL20260006179","Department:","Surveillance","High Priority","Property:","CNS Halifax","Owner:","ndethe",,"Location:","Pit 1","Created By:","ndethe","Sublocation:","FBB 1",,,"Occurred:",08-Feb-2026   2:51 am,"End Time:",08-Feb-2026   2:55,"Camera/Monitor:","MON 3-4","Status:","Open","Duration:","0 Days 0 Hours 4 Minutes","Topic:","Surveillance Initiated Review","Details:","Surveillance Initiated Review: After a wallet was found at Table FBB1 by CSM Trevor Poole, surveillance initiated a review to locate the owner of the wallet. Upon Review, surveillance was able to locate the owner at FW4, Cage wearing White Sweat shirt and white ball cap. CC Genevieve was advised and the guest was informed that his wallet is at Post 1.","Daily total:","57","Grand total:","118","Printed:  2/ 8/2026 	13:54:19	","Page 1 / 1 "
,,,,,,,,,,,,,,"Daily Log Detailed List Report","2/ 8/2026  Sunday","Log #:","DL20260006180","Department:","Surveillance","High Priority","Property:","CNS Halifax","Owner:","sim.kaur",,"Location:","Post","Created By:","sim.kaur","Sublocation:","Post 1",,,"Occurred:",08-Feb-2026   2:55 am,"End Time:",08-Feb-2026   3:11,"Camera/Monitor:","MON 1-4","Status:","Open","Duration:","0 Days 0 Hours 16 Minutes","Topic:","Requested Observation","Details:","Requested Observation: SRS Dante W requested a live coverage on refusals at Post 1.","Daily total:","57","Grand total:","118","Printed:  2/ 8/2026 	13:54:19	","Page 1 / 1 "
,,,,,,,,,,,,,,"Daily Log Detailed List Report","2/ 8/2026  Sunday","Log #:","DL20260006181","Department:","Surveillance",,"Property:","CNS Halifax","Owner:","sim.kaur",,"Location:","Pit 3","Created By:","sim.kaur","Sublocation:","RB 2",,,"Occurred:",08-Feb-2026   3:40 am,"End Time:",,"Camera/Monitor:",,"Status:","Open","Duration:",,"Topic:","Card Preparation","Details:","Sorting on RB2","Daily total:","57","Grand total:","118","Printed:  2/ 8/2026 	13:54:19	","Page 1 / 1 "
,,,,,,,,,,,,,,"Daily Log Detailed List Report","2/ 8/2026  Sunday","Log #:","DL20260006182","Department:","Surveillance","High Priority","Property:","CNS Halifax","Owner:","sim.kaur",,"Location:","Surveillance","Created By:","sim.kaur","Sublocation:",,,,"Occurred:",08-Feb-2026   3:45 am,"End Time:",08-Feb-2026   3:47,"Camera/Monitor:",,"Status:","Open","Duration:","0 Days 0 Hours 2 Minutes","Topic:","Surveillance Visitor Log","Details:","Sean Howell (security)- dropping off VSE paperwork","Daily total:","57","Grand total:","118","Printed:  2/ 8/2026 	13:54:19	","Page 1 / 1 "
,,,,,,,,,,,,,,"Daily Log Detailed List Report","2/ 8/2026  Sunday","Log #:","DL20260006184","Department:","Surveillance",,"Property:","CNS Halifax","Owner:","jason.macdonald",,"Location:","Pit 3","Created By:","jason.macdonald","Sublocation:","BJ10",,,"Occurred:",08-Feb-2026   4:09 am,"End Time:",08-Feb-2026   4:17,"Camera/Monitor:","MS1","Status:","Open","Duration:","0 Days 0 Hours 8 Minutes","Topic:","Used Card/Dice Pick-up","Details:","SO Mark Kim and CSM Trevor Poole","Daily total:","57","Grand total:","118","Printed:  2/ 8/2026 	13:54:19	","Page 1 / 1 "
,,,,,,,,,,,,,,"Daily Log Detailed List Report","2/ 8/2026  Sunday","Log #:","DL20260006185","Department:","Surveillance",,"Property:","CNS Halifax","Owner:","sim.kaur",,"Location:","Pit 3","Created By:","sim.kaur","Sublocation:","UTH2",,,"Occurred:",08-Feb-2026   4:03 am,"End Time:",08-Feb-2026   4:17,"Camera/Monitor:","MON 1-4 MON 1-1","Status:","Open","Duration:","0 Days 0 Hours 14 Minutes","Topic:","Table Drop","Details:","SO Sor, Trent, Ashsih, SS Sean","Daily total:","57","Grand total:","118","Printed:  2/ 8/2026 	13:54:19	","Page 1 / 1 "
,,,,,,,,,,,,,,"Daily Log Detailed List Report","2/ 8/2026  Sunday","Log #:","DL20260006186","Department:","Surveillance","High Priority","Property:","CNS Halifax","Owner:","sim.kaur",,"Location:","Parking Lot","Created By:","sim.kaur","Sublocation:",,,,"Occurred:",08-Feb-2026   4:18 am,"End Time:",08-Feb-2026   4:28,"Camera/Monitor:","MON 1-4","Status:","Open","Duration:","0 Days 0 Hours 10 Minutes","Topic:","Parkade Scan","Details:","Parkade Scan @ 0418hrs","Daily total:","57","Grand total:","118","Printed:  2/ 8/2026 	13:54:19	","Page 1 / 1 "
,,,,,,,,,,,,,,"Daily Log Detailed List Report","2/ 8/2026  Sunday","Log #:","DL20260006187","Department:","Surveillance",,"Property:","CNS Halifax","Owner:","sim.kaur",,"Location:","Surveillance","Created By:","sim.kaur","Sublocation:",,,,"Occurred:",08-Feb-2026   4:28 am,"End Time:",08-Feb-2026   4:30,"Camera/Monitor:",,"Status:","Open","Duration:","0 Days 0 Hours 2 Minutes","Topic:","ACC Monitoring","Details:","OK","Daily total:","57","Grand total:","118","Printed:  2/ 8/2026 	13:54:19	","Page 1 / 1 "
,,,,,,,,,,,,,,"Daily Log Detailed List Report","2/ 8/2026  Sunday","Log #:","DL20260006188","Department:","Surveillance",,"Property:","CNS Halifax","Owner:","jason.macdonald",,"Location:","Back of House","Created By:","jason.macdonald","Sublocation:","Card/Dice Reconciliation Room",,,"Occurred:",08-Feb-2026   4:30 am,"End Time:",,"Camera/Monitor:","482","Status:","Open","Duration:",,"Topic:","Gaming Supplies - Cards/Dice Destruction","Details:","SO Ash and Kulwinder","Daily total:","57","Grand total:","118","Printed:  2/ 8/2026 	13:54:19	","Page 1 / 1 "
,,,,,,,,,,,,,,"Daily Log Detailed List Report","2/ 8/2026  Sunday","Log #:","DL20260006189","Department:","Surveillance",,"Property:","CNS Halifax","Owner:","ndethe",,"Location:","Surveillance","Created By:","ndethe","Sublocation:",,,,"Occurred:",08-Feb-2026   5:05 am,"End Time:",,"Camera/Monitor:",,"Status:","Open","Duration:",,"Topic:","ACC Monitoring","Details:","All ok","Daily total:","57","Grand total:","118","Printed:  2/ 8/2026 	13:54:19	","Page 1 / 1 "
,,,,,,,,,,,,,,"Daily Log Detailed List Report","2/ 8/2026  Sunday","Log #:","DL20260006190","Department:","Surveillance",,"Property:","CNS Halifax","Owner:","ndethe",,"Location:","Surveillance","Created By:","ndethe","Sublocation:",,,,"Occurred:",08-Feb-2026   5:36 am,"End Time:",,"Camera/Monitor:",,"Status:","Open","Duration:",,"Topic:","ACC Monitoring","Details:","All ok","Daily total:","57","Grand total:","118","Printed:  2/ 8/2026 	13:54:19	","Page 1 / 1 "
,,,,,,,,,,,,,,"Daily Log Detailed List Report","2/ 8/2026  Sunday","Log #:","DL20260006191","Department:","Surveillance",,"Property:","CNS Halifax","Owner:","ndethe",,"Location:","Surveillance","Created By:","ndethe","Sublocation:",,,,"Occurred:",08-Feb-2026   6:07 am,"End Time:",,"Camera/Monitor:",,"Status:","Open","Duration:",,"Topic:","ACC Monitoring","Details:","All ok","Daily total:","57","Grand total:","118","Printed:  2/ 8/2026 	13:54:19	","Page 1 / 1 "
,,,,,,,,,,,,,,"Daily Log Detailed List Report","2/ 8/2026  Sunday","Log #:","DL20260006192","Department:","Surveillance","High Priority","Property:","CNS Halifax","Owner:","ndethe",,"Location:","Back of House","Created By:","ndethe","Sublocation:","Interview Room",,,"Occurred:",08-Feb-2026   6:27 am,"End Time:",,"Camera/Monitor:","MON 3-4","Status:","Open","Duration:",,"Topic:","Self-Exclusion Application","Details:","Self-Exclusion Application: New VSE #2494 Albert Njeim with Security Relief Supervisor Sean Howell, INT2026-06.","Daily total:","57","Grand total:","118","Printed:  2/ 8/2026 	13:54:19	","Page 1 / 1 "
,,,,,,,,,,,,,,"Daily Log Detailed List Report","2/ 8/2026  Sunday","Log #:","DL20260006197","Department:","Surveillance",,"Property:","CNS Halifax","Owner:","raj.chauhan",,"Location:","TITO Self Redemption","Created By:","raj.chauhan","Sublocation:",,,,"Occurred:",08-Feb-2026   7:13 am,"End Time:",08-Feb-2026   7:48,"Camera/Monitor:","MON 1-4","Status:","Open","Duration:","0 Days 0 Hour 35 Minutes","Topic:","NRT Fill","Details:","CRA Rosaline w/ SO Jakirat.","Daily total:","57","Grand total:","118","Printed:  2/ 8/2026 	13:54:19	","Page 1 / 1 "
,,,,,,,,,,,,,,"Daily Log Detailed List Report","2/ 8/2026  Sunday","Log #:","DL20260006198","Department:","Surveillance",,"Property:","CNS Halifax","Owner:","raj.chauhan",,"Location:","Surveillance","Created By:","raj.chauhan","Sublocation:",,,,"Occurred:",08-Feb-2026   7:15 am,"End Time:",08-Feb-2026   7:24,"Camera/Monitor:","MON 1-1","Status:","Open","Duration:","0 Days 0 Hours 9 Minutes","Topic:","Camera check","Details:","All OK","Daily total:","57","Grand total:","118","Printed:  2/ 8/2026 	13:54:19	","Page 1 / 1 "
,,,,,,,,,,,,,,"Daily Log Detailed List Report","2/ 8/2026  Sunday","Log #:","DL20260006199","Department:","Surveillance","High Priority","Property:","CNS Halifax","Owner:","raj.chauhan",,"Location:","Parking Lot","Created By:","raj.chauhan","Sublocation:",,,,"Occurred:",08-Feb-2026   7:24 am,"End Time:",08-Feb-2026   7:33,"Camera/Monitor:","MON 1-1","Status:","Open","Duration:","0 Days 0 Hours 9 Minutes","Topic:","Parkade Scan","Details:","Parkade Scan @ 0724hrs.","Daily total:","57","Grand total:","118","Printed:  2/ 8/2026 	13:54:19	","Page 1 / 1 "
,,,,,,,,,,,,,,"Daily Log Detailed List Report","2/ 8/2026  Sunday","Log #:","DL20260006200","Department:","Surveillance",,"Property:","CNS Halifax","Owner:","raj.chauhan",,"Location:","Cage","Created By:","raj.chauhan","Sublocation:","FW 5",,,"Occurred:",08-Feb-2026   7:28 am,"End Time:",,"Camera/Monitor:","CAM 385, 390","Status:","Open","Duration:",,"Topic:","Cashier Tips","Details:","CC Helena at FW5.","Daily total:","57","Grand total:","118","Printed:  2/ 8/2026 	13:54:19	","Page 1 / 1 "
,,,,,,,,,,,,,,"Daily Log Detailed List Report","2/ 8/2026  Sunday","Log #:","DL20260006202","Department:","Surveillance","High Priority","Property:","CNS Halifax","Owner:","raj.chauhan",,"Location:","Surveillance","Created By:","raj.chauhan","Sublocation:",,,,"Occurred:",08-Feb-2026   7:42 am,"End Time:",08-Feb-2026   7:42,"Camera/Monitor:",,"Status:","Open","Duration:","0 Days 0 Hours 0 Minutes","Topic:","Surveillance Visitor Log","Details:","Leonard Gavel (Property Services)","Daily total:","57","Grand total:","118","Printed:  2/ 8/2026 	13:54:19	","Page 1 / 1 "
,,,,,,,,,,,,,,"Daily Log Detailed List Report","2/ 8/2026  Sunday","Log #:","DL20260006203","Department:","Surveillance",,"Property:","CNS Halifax","Owner:","raj.chauhan",,"Location:","Back of House","Created By:","raj.chauhan","Sublocation:","Slot Podium Room",,,"Occurred:",08-Feb-2026   7:45 am,"End Time:",08-Feb-2026   7:48,"Camera/Monitor:","MON 1-1","Status:","Open","Duration:","0 Days 0 Hours 3 Minutes","Topic:","F&B Drop","Details:","CRA Rosaline w/ SO Jaskirat.","Daily total:","57","Grand total:","118","Printed:  2/ 8/2026 	13:54:19	","Page 1 / 1 "
,,,,,,,,,,,,,,"Daily Log Detailed List Report","2/ 8/2026  Sunday","Log #:","DL20260006205","Department:","Surveillance",,"Property:","CNS Halifax","Owner:","raj.chauhan",,"Location:","Slot Zone","Created By:","raj.chauhan","Sublocation:","Zone 1",,,"Occurred:",08-Feb-2026   8:03 am,"End Time:",08-Feb-2026   9:43,"Camera/Monitor:","MON 1-4","Status:","Open","Duration:","0 Days 1 Hours 40 Minutes","Topic:","BV Drop","Details:","Starting at 1.01.01.","Daily total:","57","Grand total:","118","Printed:  2/ 8/2026 	13:54:19	","Page 1 / 1 "
,,,,,,,,,,,,,,"Daily Log Detailed List Report","2/ 8/2026  Sunday","Log #:","DL20260006206","Department:","Surveillance",,"Property:","CNS Halifax","Owner:","raj.chauhan",,"Location:","Cage","Created By:","raj.chauhan","Sublocation:","FW 4",,,"Occurred:",08-Feb-2026   8:19 am,"End Time:",,"Camera/Monitor:","CAM 384, 390","Status:","Open","Duration:",,"Topic:","Balancing Found Money Box","Details:","CC Stojanka at FW4.","Daily total:","57","Grand total:","118","Printed:  2/ 8/2026 	13:54:19	","Page 1 / 1 "
,,,,,,,,,,,,,,"Daily Log Detailed List Report","2/ 8/2026  Sunday","Log #:","DL20260006209","Department:","Surveillance",,"Property:","CNS Halifax","Owner:","raj.chauhan",,"Location:","Count Room","Created By:","raj.chauhan","Sublocation:",,,,"Occurred:",08-Feb-2026   9:46 am,"End Time:",08-Feb-2026  10:03,"Camera/Monitor:","CAM 350-360","Status:","Open","Duration:","0 Days 0 Hours 17 Minutes","Topic:","Bad Beat Count Starting","Details:","CRAs David, Vinay & Rosaline.","Daily total:","57","Grand total:","118","Printed:  2/ 8/2026 	13:54:19	","Page 1 / 1 "
,,,,,,,,,,,,,,"Daily Log Detailed List Report","2/ 8/2026  Sunday","Log #:","DL20260006210","Department:","Surveillance","High Priority","Property:","CNS Halifax","Owner:","raj.chauhan",,"Location:","Parking Lot","Created By:","raj.chauhan","Sublocation:",,,,"Occurred:",08-Feb-2026   9:46 am,"End Time:",08-Feb-2026   9:55,"Camera/Monitor:","MON 1-4","Status:","Open","Duration:","0 Days 0 Hours 9 Minutes","Topic:","Parkade Scan","Details:","Parkade Scan @ 0946hrs.","Daily total:","57","Grand total:","118","Printed:  2/ 8/2026 	13:54:19	","Page 1 / 1 "
,,,,,,,,,,,,,,"Daily Log Detailed List Report","2/ 8/2026  Sunday","Log #:","DL20260006212","Department:","Surveillance",,"Property:","CNS Halifax","Owner:","raj.chauhan",,"Location:","Cage","Created By:","raj.chauhan","Sublocation:","FW 4",,,"Occurred:",08-Feb-2026  10:07 am,"End Time:",,"Camera/Monitor:","CAM 384, 390","Status:","Open","Duration:",,"Topic:","Balancing F&B Envelopes","Details:","Cage Cashier Stojanka at FW4.","Daily total:","57","Grand total:","118","Printed:  2/ 8/2026 	13:54:19	","Page 1 / 1 "
,,,,,,,,,,,,,,"Daily Log Detailed List Report","2/ 8/2026  Sunday","Log #:","DL20260006213","Department:","Surveillance",,"Property:","CNS Halifax","Owner:","raj.chauhan",,"Location:","Back of House","Created By:","raj.chauhan","Sublocation:","New Card/Dice Room",,,"Occurred:",08-Feb-2026  10:26 am,"End Time:",08-Feb-2026  10:42,"Camera/Monitor:","MON 1-4","Status:","Open","Duration:","0 Days 0 Hours 16 Minutes","Topic:","Gaming Supplies - Transfer","Details:","CSM David Jones & SRS Haley transferring 48 decks to pit-1 and 72 decks to pit-3.","Daily total:","57","Grand total:","118","Printed:  2/ 8/2026 	13:54:19	","Page 1 / 1 "
,,,,,,,,,,,,,,"Daily Log Detailed List Report","2/ 8/2026  Sunday","Log #:","DL20260006214","Department:","Surveillance",,"Property:","CNS Halifax","Owner:","raj.chauhan",,"Location:","Count Room","Created By:","raj.chauhan","Sublocation:",,,,"Occurred:",08-Feb-2026  10:27 am,"End Time:",08-Feb-2026  12:58,"Camera/Monitor:","CAM 350-360","Status:","Open","Duration:","0 Days 2 Hours 31 Minutes","Topic:","BV Count","Details:","CRAs Vinay, David & Rosaline.","Daily total:","57","Grand total:","118","Printed:  2/ 8/2026 	13:54:19	","Page 1 / 1 "
,,,,,,,,,,,,,,"Daily Log Detailed List Report","2/ 8/2026  Sunday","Log #:","DL20260006215","Department:","Surveillance",,"Property:","CNS Halifax","Owner:","raj.chauhan",,"Location:","Gaming Floor","Created By:","raj.chauhan","Sublocation:",,,,"Occurred:",08-Feb-2026  10:33 am,"End Time:",08-Feb-2026  10:42,"Camera/Monitor:","MON 1-4","Status:","Open","Duration:","0 Days 0 Hours 9 Minutes","Topic:","Gaming Supplies - Verification","Details:","CSM David, SRS Haley verifies pit-1,3 & 4.","Daily total:","57","Grand total:","118","Printed:  2/ 8/2026 	13:54:19	","Page 1 / 1 "
,,,,,,,,,,,,,,"Daily Log Detailed List Report","2/ 8/2026  Sunday","Log #:","DL20260006221","Department:","Surveillance","High Priority","Property:","CNS Halifax","Owner:","pdellapinna",,"Location:","Parking Lot","Created By:","pdellapinna","Sublocation:",,,,"Occurred:",08-Feb-2026  11:33 am,"End Time:",08-Feb-2026  11:38,"Camera/Monitor:","MS1.1","Status:","Open","Duration:","0 Days 0 Hours 5 Minutes","Topic:","Parkade Scan","Details:","Parkade Scan @ 11:33hrs.","Daily total:","57","Grand total:","118","Printed:  2/ 8/2026 	13:54:19	","Page 1 / 1 "
,,,,,,,,,,,,,,"Daily Log Detailed List Report","2/ 8/2026  Sunday","Log #:","DL20260006224","Department:","Surveillance",,"Property:","CNS Halifax","Owner:","raj.chauhan",,"Location:","Cage","Created By:","raj.chauhan","Sublocation:","Main Bank",,,"Occurred:",08-Feb-2026  12:04 pm,"End Time:",,"Camera/Monitor:","CAM 399","Status:","Open","Duration:",,"Topic:","NRT Cassette Fill","Details:","Cage Sup Anika and CC Stojanka filling 1 set of NRT Cassettes.","Daily total:","57","Grand total:","118","Printed:  2/ 8/2026 	13:54:19	","Page 1 / 1 "
,,,,,,,,,,,,,,"Daily Log Detailed List Report","2/ 8/2026  Sunday","Log #:","DL20260006225","Department:","Surveillance",,"Property:","CNS Halifax","Owner:","raj.chauhan",,"Location:","Cage","Created By:","raj.chauhan","Sublocation:","Main Bank",,,"Occurred:",08-Feb-2026  12:04 pm,"End Time:",,"Camera/Monitor:","CAM 399","Status:","Open","Duration:",,"Topic:","Currency Packets","Details:","CC Stojanka and Cage Sup Anika doing $50,000 in Cpacks","Daily total:","57","Grand total:","118","Printed:  2/ 8/2026 	13:54:19	","Page 1 / 1 "
,,,,,,,,,,,,,,"Daily Log Detailed List Report","2/ 8/2026  Sunday","Log #:","DL20260006226","Department:","Surveillance","High Priority","Property:","CNS Halifax","Owner:","raj.chauhan",,"Location:","Count Room","Created By:","raj.chauhan","Sublocation:",,,,"Occurred:",08-Feb-2026  12:19 pm,"End Time:",08-Feb-2026  12:39,"Camera/Monitor:","MON 1-1","Status:","Open","Duration:","0 Days 0 Hours 20 Minutes","Topic:","Observation","Details:","Observation: Count Room Attendant (Vinay Bommireddipalli) opening/emptying the BV boxes, verbalizing box numbers and strapping the funds.","Daily total:","57","Grand total:","118","Printed:  2/ 8/2026 	13:54:19	","Page 1 / 1 "
,,,,,,,,,,,,,,"Daily Log Detailed List Report","2/ 8/2026  Sunday","Log #:","DL20260006229","Department:","Surveillance",,"Property:","CNS Halifax","Owner:","raj.chauhan",,"Location:","Count Room","Created By:","raj.chauhan","Sublocation:",,,,"Occurred:",08-Feb-2026  12:58 pm,"End Time:",08-Feb-2026  13:00,"Camera/Monitor:","MON 1-4","Status:","Open","Duration:","0 Days 0 Hours 2 Minutes","Topic:","Security Escort","Details:","SO Santos escorts Cage Sup Anika with BV funds.","Daily total:","57","Grand total:","118","Printed:  2/ 8/2026 	13:54:19	","Page 1 / 1 "
,,,,,,,,,,,,,,"Daily Log Detailed List Report","2/ 8/2026  Sunday","Log #:","DL20260006230","Department:","Surveillance",,"Property:","CNS Halifax","Owner:","raj.chauhan",,"Location:","Pit 3","Created By:","raj.chauhan","Sublocation:","RB 1",,,"Occurred:",08-Feb-2026   1:01 pm,"End Time:",,"Camera/Monitor:","CAM 042","Status:","Open","Duration:",,"Topic:","Card Preparation","Details:","Dealer Joel w/ Floor Supervisor Austin Compton pre checks 5 sets of Baccarat cards.","Daily total:","57","Grand total:","118","Printed:  2/ 8/2026 	13:54:19	","Page 1 / 1 "
,,,,,,,,,,,,,,"Daily Log Detailed List Report","2/ 8/2026  Sunday","Log #:","DL20260006231","Department:","Surveillance","High Priority","Property:","CNS Halifax","Owner:","pdellapinna",,"Location:","Slot Zone","Created By:","pdellapinna","Sublocation:","Zone 5",,,"Occurred:",08-Feb-2026   1:01 pm,"End Time:",08-Feb-2026  13:03,"Camera/Monitor:","MS1.1","Status:","Open","Duration:","0 Days 0 Hours 2 Minutes","Topic:","Jackpot","Details:","Jackpot at 05.03.04. $6430 won by Tehil Patel.","Daily total:","57","Grand total:","118","Printed:  2/ 8/2026 	13:54:19	","Page 1 / 1 "
,,,,,,,,,,,,,,"Daily Log Detailed List Report","2/ 8/2026  Sunday","Log #:","DL20260006234","Department:","Surveillance",,"Property:","CNS Halifax","Owner:","pdellapinna",,"Location:","Pit 3","Created By:","pdellapinna","Sublocation:","RL 3",,,"Occurred:",08-Feb-2026   1:22 pm,"End Time:",,"Camera/Monitor:","63,73","Status:","Open","Duration:",,"Topic:","Tip Count","Details:","Dealer tips on R3.","Daily total:","57","Grand total:","118","Printed:  2/ 8/2026 	13:54:19	","Page 1 / 1 "
,,,,,,,,,,,,,,"Daily Log Detailed List Report","2/ 8/2026  Sunday","Log #:","DL20260006235","Department:","Surveillance","High Priority","Property:","CNS Halifax","Owner:","pdellapinna",,"Location:","Slot Zone","Created By:","pdellapinna","Sublocation:","Zone 5",,,"Occurred:",08-Feb-2026   1:25 pm,"End Time:",08-Feb-2026  13:27,"Camera/Monitor:","MS1.1","Status:","Open","Duration:","0 Days 0 Hours 2 Minutes","Topic:","Jackpot","Details:","Jackpot at 05.04.03. $5000 won by Tehil Patel.","Daily total:","57","Grand total:","118","Printed:  2/ 8/2026 	13:54:19	","Page 1 / 1 "
,,,,,,,,,,,,,,"Daily Log Detailed List Report","2/ 8/2026  Sunday","Log #:","DL20260006236","Department:","Surveillance","High Priority","Property:","CNS Halifax","Owner:","raj.chauhan",,"Location:","Cage","Created By:","raj.chauhan","Sublocation:","FW 5",,,"Occurred:",08-Feb-2026   1:09 pm,"End Time:",08-Feb-2026  13:24,"Camera/Monitor:","MON 1-4","Status:","Open","Duration:","0 Days 0 Hours 15 Minutes","Topic:","Requested Review","Details:","Requested Review: Cage Supervisor Anika Myles requested a review to find a guest on a scooter who left a $100 bill from the FW5 counter during a transaction at 1308hrs. Upon review, Surveillance located the guest in the parkade level-2 (up) in his car. Security Relief Supervisor Haley Rehberg was informed, who subsequently spoke to the guest before they left and picked up the $100 bill from cage.","Daily total:","57","Grand total:","118","Printed:  2/ 8/2026 	13:54:19	","Page 1 / 1 "
,,,,,,,,,,,,,,"Daily Log Detailed List Report","2/ 8/2026  Sunday","Log #:","DL20260006237","Department:","Surveillance",,"Property:","CNS Halifax","Owner:","pdellapinna",,"Location:","Count Room","Created By:","pdellapinna","Sublocation:",,,,"Occurred:",08-Feb-2026   1:47 pm,"End Time:",,"Camera/Monitor:","350-360","Status:","Open","Duration:",,"Topic:","Table Count","Details:","CRA's Vinay and Rosaline with S/O Dylan.","Daily total:","57","Grand total:","118","Printed:  2/ 8/2026 	13:54:19	","Page 1 / 1 "
,,,,,,,,,,,,,,"Daily Log Detailed List Report","2/ 8/2026  Sunday","Log #:","DL20260006238","Department:","Surveillance","High Priority","Property:","CNS Halifax","Owner:","pdellapinna",,"Location:","Count Room","Created By:","pdellapinna","Sublocation:",,,,"Occurred:",08-Feb-2026   1:50 pm,"End Time:",,"Camera/Monitor:","MS1.1","Status:","Open","Duration:",,"Topic:","Observation","Details:","Observation of CRA (Rosaline Harding) opening during the TG Count.","Daily total:","57","Grand total:","118","Printed:  2/ 8/2026 	13:54:19	","Page 1 / 1 "
