,,,,,,,,,,,,,,"Daily Log Detailed List Report","1/30/2026  Friday","Log #:","DL20260004701","Department:","Surveillance",,"Property:","CNS Halifax","Owner:","nic.surette",,"Location:","Gaming Floor","Created By:","nic.surette","Sublocation:",,,,"Occurred:",30-Jan-2026   4:11 am,"End Time:",30-Jan-2026   4:25,"Camera/Monitor:","S1:4","Status:","Open","Duration:","0 Days 0 Hours 14 Minutes","Topic:","Table Drop","Details:","SRS Gurveer SO Ash SO Vasu SO Trent","Daily total:","92","Grand total:","116","Printed:  2/15/2026 	11:49:41	","Page 1 / 1 "
,,,,,,,,,,,,,,"Daily Log Detailed List Report","1/30/2026  Friday","Log #:","DL20260004702","Department:","Surveillance",,"Property:","CNS Halifax","Owner:","fares.alasaad",,"Location:","Pit 3","Created By:","fares.alasaad","Sublocation:","BJ10",,,"Occurred:",30-Jan-2026   4:10 am,"End Time:",30-Jan-2026   4:23,"Camera/Monitor:","S4.1","Status:","Open","Duration:","0 Days 0 Hours 13 Minutes","Topic:","Used Card/Dice Pick-up","Details:","SO Sor TGS Elizabeth","Daily total:","92","Grand total:","116","Printed:  2/15/2026 	11:49:41	","Page 1 / 1 "
,,,,,,,,,,,,,,"Daily Log Detailed List Report","1/30/2026  Friday","Log #:","DL20260004703","Department:","Surveillance",,"Property:","CNS Halifax","Owner:","nic.surette",,"Location:","Back of House","Created By:","nic.surette","Sublocation:",,,,"Occurred:",30-Jan-2026   4:25 am,"End Time:",30-Jan-2026   4:48,"Camera/Monitor:","482","Status:","Open","Duration:","0 Days 0 Hours 23 Minutes","Topic:","Gaming Supplies - Cards/Dice Destruction","Details:","SO Ashishdeep SO Trent","Daily total:","92","Grand total:","116","Printed:  2/15/2026 	11:49:41	","Page 1 / 1 "
,,,,,,,,,,,,,,"Daily Log Detailed List Report","1/30/2026  Friday","Log #:","DL20260004704","Department:","Surveillance",,"Property:","CNS Halifax","Owner:","fares.alasaad",,"Location:","Surveillance","Created By:","fares.alasaad","Sublocation:",,,,"Occurred:",30-Jan-2026   4:29 am,"End Time:",30-Jan-2026   4:31,"Camera/Monitor:",,"Status:","Open","Duration:","0 Days 0 Hours 2 Minutes","Topic:","ACC Monitoring","Details:","All ok","Daily total:","92","Grand total:","116","Printed:  2/15/2026 	11:49:41	","Page 1 / 1 "
,,,,,,,,,,,,,,"Daily Log Detailed List Report","1/30/2026  Friday","Log #:","DL20260004705","Department:","Surveillance","High Priority","Property:","CNS Halifax","Owner:","nic.surette",,"Location:","Surveillance","Created By:","nic.surette","Sublocation:",,,,"Occurred:",30-Jan-2026   5:09 am,"End Time:",30-Jan-2026   5:14,"Camera/Monitor:","S1:4","Status:","Open","Duration:","0 Days 0 Hours 5 Minutes","Topic:","Parkade Scan","Details:","Parkade Scan @ 0509hrs","Daily total:","92","Grand total:","116","Printed:  2/15/2026 	11:49:41	","Page 1 / 1 "
,,,,,,,,,,,,,,"Daily Log Detailed List Report","1/30/2026  Friday","Log #:","DL20260004706","Department:","Surveillance",,"Property:","CNS Halifax","Owner:","nic.surette",,"Location:","Surveillance","Created By:","nic.surette","Sublocation:",,,,"Occurred:",30-Jan-2026   5:34 am,"End Time:",,"Camera/Monitor:",,"Status:","Open","Duration:",,"Topic:","ACC Monitoring","Details:","OK","Daily total:","92","Grand total:","116","Printed:  2/15/2026 	11:49:41	","Page 1 / 1 "
,,,,,,,,,,,,,,"Daily Log Detailed List Report","1/30/2026  Friday","Log #:","DL20260004707","Department:","Surveillance",,"Property:","CNS Halifax","Owner:","nic.surette",,"Location:","Surveillance","Created By:","nic.surette","Sublocation:",,,,"Occurred:",30-Jan-2026   6:00 am,"End Time:",,"Camera/Monitor:",,"Status:","Open","Duration:",,"Topic:","ACC Monitoring","Details:","OK","Daily total:","92","Grand total:","116","Printed:  2/15/2026 	11:49:41	","Page 1 / 1 "
,,,,,,,,,,,,,,"Daily Log Detailed List Report","1/30/2026  Friday","Log #:","DL20260004708","Department:","Surveillance","High Priority","Property:","CNS Halifax","Owner:","nic.surette",,"Location:","Surveillance","Created By:","nic.surette","Sublocation:",,,,"Occurred:",30-Jan-2026   6:38 am,"End Time:",30-Jan-2026   6:41,"Camera/Monitor:","S1:4","Status:","Open","Duration:","0 Days 0 Hours 3 Minutes","Topic:","Parkade Scan","Details:","Parkade Scan @ 0638hrs","Daily total:","92","Grand total:","116","Printed:  2/15/2026 	11:49:41	","Page 1 / 1 "
,,,,,,,,,,,,,,"Daily Log Detailed List Report","1/30/2026  Friday","Log #:","DL20260004709","Department:","Surveillance",,"Property:","CNS Halifax","Owner:","nic.surette",,"Location:","Surveillance","Created By:","nic.surette","Sublocation:",,,,"Occurred:",30-Jan-2026   6:41 am,"End Time:",,"Camera/Monitor:",,"Status:","Open","Duration:",,"Topic:","ACC Monitoring","Details:","OK","Daily total:","92","Grand total:","116","Printed:  2/15/2026 	11:49:41	","Page 1 / 1 "
,,,,,,,,,,,,,,"Daily Log Detailed List Report","1/30/2026  Friday","Log #:","DL20260004710","Department:","Surveillance",,"Property:","CNS Halifax","Owner:","egosse",,"Location:","Surveillance","Created By:","egosse","Sublocation:",,,,"Occurred:",30-Jan-2026   7:02 am,"End Time:",30-Jan-2026   7:11,"Camera/Monitor:","mon 3-4","Status:","Open","Duration:","0 Days 0 Hours 9 Minutes","Topic:","Camera check","Details:","all ok","Daily total:","92","Grand total:","116","Printed:  2/15/2026 	11:49:41	","Page 1 / 1 "
,,,,,,,,,,,,,,"Daily Log Detailed List Report","1/30/2026  Friday","Log #:","DL20260004711","Department:","Surveillance",,"Property:","CNS Halifax","Owner:","egosse",,"Location:","Gaming Floor","Created By:","egosse","Sublocation:",,,,"Occurred:",30-Jan-2026   7:09 am,"End Time:",30-Jan-2026   7:51,"Camera/Monitor:","mon 3-3","Status:","Open","Duration:","0 Days 0 Hour 42 Minutes","Topic:","NRT Fill","Details:","Darcy (SRS) RJ (CRT)","Daily total:","92","Grand total:","116","Printed:  2/15/2026 	11:49:41	","Page 1 / 1 "
,,,,,,,,,,,,,,"Daily Log Detailed List Report","1/30/2026  Friday","Log #:","DL20260004712","Department:","Surveillance",,"Property:","CNS Halifax","Owner:","egosse",,"Location:","Back of House","Created By:","egosse","Sublocation:",,,,"Occurred:",30-Jan-2026   7:51 am,"End Time:",30-Jan-2026   7:53,"Camera/Monitor:","mon 3-4","Status:","Open","Duration:","0 Days 0 Hours 2 Minutes","Topic:","F&B Drop","Details:","Darcy (SRS) RJ (CRT)","Daily total:","92","Grand total:","116","Printed:  2/15/2026 	11:49:41	","Page 1 / 1 "
,,,,,,,,,,,,,,"Daily Log Detailed List Report","1/30/2026  Friday","Log #:","DL20260004713","Department:","Surveillance",,"Property:","CNS Halifax","Owner:","egosse",,"Location:","Gaming Floor","Created By:","egosse","Sublocation:",,,,"Occurred:",30-Jan-2026   7:57 am,"End Time:",30-Jan-2026  10:01,"Camera/Monitor:","S3","Status:","Open","Duration:","0 Days 2 Hours 4 Minutes","Topic:","BV Drop","Details:","Drop starting at 02.01.01","Daily total:","92","Grand total:","116","Printed:  2/15/2026 	11:49:41	","Page 1 / 1 "
,,,,,,,,,,,,,,"Daily Log Detailed List Report","1/30/2026  Friday","Log #:","DL20260004716","Department:","Surveillance","High Priority","Property:","CNS Halifax","Owner:","sim.kaur",,"Location:","Parking Lot","Created By:","sim.kaur","Sublocation:",,,,"Occurred:",30-Jan-2026   9:02 am,"End Time:",30-Jan-2026   9:07,"Camera/Monitor:","MON 1-4","Status:","Open","Duration:","0 Days 0 Hours 5 Minutes","Topic:","Parkade Scan","Details:","Parkade Scan @ 0902hrs","Daily total:","92","Grand total:","116","Printed:  2/15/2026 	11:49:41	","Page 1 / 1 "
,,,,,,,,,,,,,,"Daily Log Detailed List Report","1/30/2026  Friday","Log #:","DL20260004722","Department:","Surveillance",,"Property:","CNS Halifax","Owner:","jason.macdonald",,"Location:","Cage","Created By:","jason.macdonald","Sublocation:","FW 4",,,"Occurred:",30-Jan-2026   9:46 am,"End Time:",,"Camera/Monitor:","384","Status:","Open","Duration:",,"Topic:","Balancing Found Money Box","Details:","Cashier Aimee","Daily total:","92","Grand total:","116","Printed:  2/15/2026 	11:49:41	","Page 1 / 1 "
,,,,,,,,,,,,,,"Daily Log Detailed List Report","1/30/2026  Friday","Log #:","DL20260004724","Department:","Surveillance",,"Property:","CNS Halifax","Owner:","sim.kaur",,"Location:","Count Room","Created By:","sim.kaur","Sublocation:",,,,"Occurred:",30-Jan-2026  10:05 am,"End Time:",30-Jan-2026  10:19,"Camera/Monitor:",,"Status:","Open","Duration:","0 Days 0 Hours 14 Minutes","Topic:","Bad Beat Count Starting","Details:","CRA Vinay, David, RJ","Daily total:","92","Grand total:","116","Printed:  2/15/2026 	11:49:41	","Page 1 / 1 "
,,,,,,,,,,,,,,"Daily Log Detailed List Report","1/30/2026  Friday","Log #:","DL20260004725","Department:","Surveillance",,"Property:","CNS Halifax","Owner:","sim.kaur",,"Location:","Cage","Created By:","sim.kaur","Sublocation:","FW 4",,,"Occurred:",30-Jan-2026  10:23 am,"End Time:",,"Camera/Monitor:",,"Status:","Open","Duration:",,"Topic:","Balancing F&B Envelopes","Details:","Cage Cashier Aimee","Daily total:","92","Grand total:","116","Printed:  2/15/2026 	11:49:41	","Page 1 / 1 "
,,,,,,,,,,,,,,"Daily Log Detailed List Report","1/30/2026  Friday","Log #:","DL20260004727","Department:","Surveillance",,"Property:","CNS Halifax","Owner:","jason.macdonald",,"Location:","Back of House","Created By:","jason.macdonald","Sublocation:","New Card/Dice Room",,,"Occurred:",30-Jan-2026  10:30 am,"End Time:",30-Jan-2026  10:48,"Camera/Monitor:","MS1","Status:","Open","Duration:","0 Days 0 Hours 18 Minutes","Topic:","Gaming Supplies - Transfer","Details:","CSM Dave Jones and SS Sean Howell taking 48 to Pit 1 and 72 to Pit 3","Daily total:","92","Grand total:","116","Printed:  2/15/2026 	11:49:41	","Page 1 / 1 "
,,,,,,,,,,,,,,"Daily Log Detailed List Report","1/30/2026  Friday","Log #:","DL20260004728","Department:","Surveillance",,"Property:","CNS Halifax","Owner:","jason.macdonald",,"Location:","Pit 1","Created By:","jason.macdonald","Sublocation:",,,,"Occurred:",30-Jan-2026  10:39 am,"End Time:",30-Jan-2026  10:51,"Camera/Monitor:","MS1","Status:","Open","Duration:","0 Days 0 Hours 12 Minutes","Topic:","Gaming Supplies - Verification","Details:","CSM Dave Jones and SS Sean Howell","Daily total:","92","Grand total:","116","Printed:  2/15/2026 	11:49:41	","Page 1 / 1 "
,,,,,,,,,,,,,,"Daily Log Detailed List Report","1/30/2026  Friday","Log #:","DL20260004730","Department:","Surveillance",,"Property:","CNS Halifax","Owner:","sim.kaur",,"Location:","Count Room","Created By:","sim.kaur","Sublocation:",,,,"Occurred:",30-Jan-2026  10:44 am,"End Time:",30-Jan-2026  13:19,"Camera/Monitor:",,"Status:","Open","Duration:","0 Days 2 Hours 35 Minutes","Topic:","BV Count","Details:","CRA David, Vinay, RJ","Daily total:","92","Grand total:","116","Printed:  2/15/2026 	11:49:41	","Page 1 / 1 "
,,,,,,,,,,,,,,"Daily Log Detailed List Report","1/30/2026  Friday","Log #:","DL20260004732","Department:","Surveillance","High Priority","Property:","CNS Halifax","Owner:","sim.kaur",,"Location:","Count Room","Created By:","sim.kaur","Sublocation:",,,,"Occurred:",30-Jan-2026  10:58 am,"End Time:",30-Jan-2026  11:21,"Camera/Monitor:","360","Status:","Open","Duration:","0 Days 0 Hours 23 Minutes","Topic:","Observation","Details:","Observation: Count Room Attendant RJ processing funds during the BV Count.","Daily total:","92","Grand total:","116","Printed:  2/15/2026 	11:49:41	","Page 1 / 1 "
,,,,,,,,,,,,,,"Daily Log Detailed List Report","1/30/2026  Friday","Log #:","DL20260004734","Department:","Surveillance","High Priority","Property:","CNS Halifax","Owner:","sim.kaur",,"Location:","Parking Lot","Created By:","sim.kaur","Sublocation:",,,,"Occurred:",30-Jan-2026  11:34 am,"End Time:",30-Jan-2026  11:39,"Camera/Monitor:","MON 1-4","Status:","Open","Duration:","0 Days 0 Hours 5 Minutes","Topic:","Parkade Scan","Details:","Parkade Scan @ 1134hrs","Daily total:","92","Grand total:","116","Printed:  2/15/2026 	11:49:41	","Page 1 / 1 "
,,,,,,,,,,,,,,"Daily Log Detailed List Report","1/30/2026  Friday","Log #:","DL20260004741","Department:","Surveillance",,"Property:","CNS Halifax","Owner:","sim.kaur",,"Location:","Pit 3","Created By:","sim.kaur","Sublocation:","RB 1",,,"Occurred:",30-Jan-2026   1:00 pm,"End Time:",,"Camera/Monitor:",,"Status:","Open","Duration:",,"Topic:","Card Preparation","Details:","Pre checking cards on RB1","Daily total:","92","Grand total:","116","Printed:  2/15/2026 	11:49:41	","Page 1 / 1 "
,,,,,,,,,,,,,,"Daily Log Detailed List Report","1/30/2026  Friday","Log #:","DL20260004742","Department:","Surveillance","High Priority","Property:","CNS Halifax","Owner:","egosse",,"Location:","Gaming Floor","Created By:","egosse","Sublocation:",,,,"Occurred:",30-Jan-2026  12:58 pm,"End Time:",30-Jan-2026  13:01,"Camera/Monitor:","mon 3-4","Status:","Open","Duration:","0 Days 0 Hours 3 Minutes","Topic:","Jackpot","Details:","Jackpot at 05.07.03 for $5160 won by Marion Flemming","Daily total:","92","Grand total:","116","Printed:  2/15/2026 	11:49:41	","Page 1 / 1 "
,,,,,,,,,,,,,,"Daily Log Detailed List Report","1/30/2026  Friday","Log #:","DL20260004744","Department:","Surveillance",,"Property:","CNS Halifax","Owner:","sim.kaur",,"Location:","Pit 3","Created By:","sim.kaur","Sublocation:","RL 3",,,"Occurred:",30-Jan-2026   1:18 pm,"End Time:",,"Camera/Monitor:",,"Status:","Open","Duration:",,"Topic:","Tip Count","Details:","Dealer Tips on RL3","Daily total:","92","Grand total:","116","Printed:  2/15/2026 	11:49:41	","Page 1 / 1 "
,,,,,,,,,,,,,,"Daily Log Detailed List Report","1/30/2026  Friday","Log #:","DL20260004745","Department:","Surveillance",,"Property:","CNS Halifax","Owner:","egosse",,"Location:","Gaming Floor","Created By:","egosse","Sublocation:",,,,"Occurred:",30-Jan-2026   1:14 pm,"End Time:",30-Jan-2026  13:21,"Camera/Monitor:","mon 3-3","Status:","Open","Duration:","0 Days 0 Hours 7 Minutes","Topic:","BV Maintenance","Details:","Paul (ST) Darcy (SRS) at 02.01.03","Daily total:","92","Grand total:","116","Printed:  2/15/2026 	11:49:41	","Page 1 / 1 "
,,,,,,,,,,,,,,"Daily Log Detailed List Report","1/30/2026  Friday","Log #:","DL20260004746","Department:","Surveillance",,"Property:","CNS Halifax","Owner:","sim.kaur",,"Location:","Count Room","Created By:","sim.kaur","Sublocation:",,,,"Occurred:",30-Jan-2026   1:20 pm,"End Time:",30-Jan-2026  13:22,"Camera/Monitor:","MON 1-4","Status:","Open","Duration:","0 Days 0 Hours 2 Minutes","Topic:","Security Escort","Details:","Countroom to Cage. CS Jack N, SO Sami D","Daily total:","92","Grand total:","116","Printed:  2/15/2026 	11:49:41	","Page 1 / 1 "
,,,,,,,,,,,,,,"Daily Log Detailed List Report","1/30/2026  Friday","Log #:","DL20260004747","Department:","Surveillance",,"Property:","CNS Halifax","Owner:","egosse",,"Location:","Gaming Floor","Created By:","egosse","Sublocation:",,,,"Occurred:",30-Jan-2026   1:23 pm,"End Time:",30-Jan-2026  13:28,"Camera/Monitor:","mon 3-3","Status:","Open","Duration:","0 Days 0 Hours 5 Minutes","Topic:","Armored Escort","Details:","GardaWorld to main bank","Daily total:","92","Grand total:","116","Printed:  2/15/2026 	11:49:41	","Page 1 / 1 "
,,,,,,,,,,,,,,"Daily Log Detailed List Report","1/30/2026  Friday","Log #:","DL20260004748","Department:","Surveillance","High Priority","Property:","CNS Halifax","Owner:","egosse",,"Location:","Gaming Floor","Created By:","egosse","Sublocation:",,,,"Occurred:",30-Jan-2026   1:32 pm,"End Time:",30-Jan-2026  13:36,"Camera/Monitor:","mon 3-4","Status:","Open","Duration:","0 Days 0 Hours 4 Minutes","Topic:","Jackpot","Details:","Jackpot at 05.07.01 for $8584.6 won by Sudesh Bhalla","Daily total:","92","Grand total:","116","Printed:  2/15/2026 	11:49:41	","Page 1 / 1 "
,,,,,,,,,,,,,,"Daily Log Detailed List Report","1/30/2026  Friday","Log #:","DL20260004749","Department:","Surveillance","High Priority","Property:","CNS Halifax","Owner:","sim.kaur",,"Location:","Parking Lot","Created By:","sim.kaur","Sublocation:",,,,"Occurred:",30-Jan-2026   1:38 pm,"End Time:",30-Jan-2026  13:43,"Camera/Monitor:","MON 1-4","Status:","Open","Duration:","0 Days 0 Hours 5 Minutes","Topic:","Parkade Scan","Details:","Parkade Scan @ 1338hrs","Daily total:","92","Grand total:","116","Printed:  2/15/2026 	11:49:41	","Page 1 / 1 "
,,,,,,,,,,,,,,"Daily Log Detailed List Report","1/30/2026  Friday","Log #:","DL20260004752","Department:","Surveillance",,"Property:","CNS Halifax","Owner:","egosse",,"Location:","Gaming Floor","Created By:","egosse","Sublocation:",,,,"Occurred:",30-Jan-2026   2:12 pm,"End Time:",,"Camera/Monitor:","mon 3-4","Status:","Open","Duration:",,"Topic:","ABM Fill/Credit","Details:","GardaWorld Filling machines","Daily total:","92","Grand total:","116","Printed:  2/15/2026 	11:49:41	","Page 1 / 1 "
,,,,,,,,,,,,,,"Daily Log Detailed List Report","1/30/2026  Friday","Log #:","DL20260004753","Department:","Surveillance",,"Property:","CNS Halifax","Owner:","sim.kaur",,"Location:","Pit 1","Created By:","sim.kaur","Sublocation:","BJ 4",,,"Occurred:",30-Jan-2026   2:11 pm,"End Time:",30-Jan-2026  14:14,"Camera/Monitor:","MON 1-4","Status:","Open","Duration:","0 Days 0 Hours 3 Minutes","Topic:","Table Fill","Details:","Table Fill BJ4 $16100 SO Darcy Cross","Daily total:","92","Grand total:","116","Printed:  2/15/2026 	11:49:41	","Page 1 / 1 "
,,,,,,,,,,,,,,"Daily Log Detailed List Report","1/30/2026  Friday","Log #:","DL20260004754","Department:","Surveillance",,"Property:","CNS Halifax","Owner:","egosse",,"Location:","Count Room","Created By:","egosse","Sublocation:",,,,"Occurred:",30-Jan-2026   2:14 pm,"End Time:",30-Jan-2026  15:24,"Camera/Monitor:","350 to 360","Status:","Open","Duration:","0 Days 1 Hour 10 Minutes","Topic:","Table Count","Details:","Table count starting","Daily total:","92","Grand total:","116","Printed:  2/15/2026 	11:49:41	","Page 1 / 1 "
,,,,,,,,,,,,,,"Daily Log Detailed List Report","1/30/2026  Friday","Log #:","DL20260004755","Department:","Surveillance",,"Property:","CNS Halifax","Owner:","sim.kaur",,"Location:",,"Created By:","sim.kaur","Sublocation:",,,,"Occurred:",30-Jan-2026   2:28 pm,"End Time:",30-Jan-2026  14:31,"Camera/Monitor:",,"Status:","Open","Duration:","0 Days 0 Hours 3 Minutes","Topic:","Table Fill","Details:","Table Fill FBB1 $11550 SO Darcy Cross","Daily total:","92","Grand total:","116","Printed:  2/15/2026 	11:49:41	","Page 1 / 1 "
,,,,,,,,,,,,,,"Daily Log Detailed List Report","1/30/2026  Friday","Log #:","DL20260004759","Department:","Surveillance","High Priority","Property:","CNS Halifax","Owner:","sim.kaur",,"Location:","Pit 1","Created By:","sim.kaur","Sublocation:","BJ 4",,,"Occurred:",30-Jan-2026   3:04 pm,"End Time:",30-Jan-2026  15:26,"Camera/Monitor:","19","Status:","Open","Duration:","0 Days 0 Hours 22 Minutes","Topic:","Observation","Details:","Observation of Dealer Jared Sampson at BJ4.","Daily total:","92","Grand total:","116","Printed:  2/15/2026 	11:49:41	","Page 1 / 1 "
,,,,,,,,,,,,,,"Daily Log Detailed List Report","1/30/2026  Friday","Log #:","DL20260004761","Department:","Surveillance","High Priority","Property:","CNS Halifax","Owner:","sim.kaur",,"Location:","Slot Zone","Created By:","sim.kaur","Sublocation:","Zone 3",,,"Occurred:",30-Jan-2026   3:13 pm,"End Time:",30-Jan-2026  15:21,"Camera/Monitor:","MON 1-4","Status:","Open","Duration:","0 Days 0 Hours 8 Minutes","Topic:","Requested Review","Details:","Requested Review: After $14.93 Tito ticket was sticking out of the slot machine 03.05.02, SO Will Scott wished to know the owner as an unknown older male claimed it was his. A review showed that the funds did belong to the same male. SO Will Scott was informed and funds were returned to the owner.","Daily total:","92","Grand total:","116","Printed:  2/15/2026 	11:49:41	","Page 1 / 1 "
,,,,,,,,,,,,,,"Daily Log Detailed List Report","1/30/2026  Friday","Log #:","DL20260004762","Department:","Surveillance",,"Property:","CNS Halifax","Owner:","sim.kaur",,"Location:","TITO Self Redemption","Created By:","sim.kaur","Sublocation:","NRT 2",,,"Occurred:",30-Jan-2026   3:18 pm,"End Time:",,"Camera/Monitor:","288","Status:","Open","Duration:",,"Topic:","NRT Access","Details:","ST accessing NRT2","Daily total:","92","Grand total:","116","Printed:  2/15/2026 	11:49:41	","Page 1 / 1 "
,,,,,,,,,,,,,,"Daily Log Detailed List Report","1/30/2026  Friday","Log #:","DL20260004763","Department:","Surveillance",,"Property:","CNS Halifax","Owner:","jason.macdonald",,"Location:","Count Room","Created By:","jason.macdonald","Sublocation:",,,,"Occurred:",30-Jan-2026   3:24 pm,"End Time:",30-Jan-2026  16:10,"Camera/Monitor:","351,353,355","Status:","Open","Duration:","0 Days 0 Hour 46 Minutes","Topic:","Balancing NRT Cassette","Details:","CRA RJ and Vinay balancing 2 sets of NRTs","Daily total:","92","Grand total:","116","Printed:  2/15/2026 	11:49:41	","Page 1 / 1 "
,,,,,,,,,,,,,,"Daily Log Detailed List Report","1/30/2026  Friday","Log #:","DL20260004764","Department:","Surveillance",,"Property:","CNS Halifax","Owner:","jason.macdonald",,"Location:","Count Room","Created By:","jason.macdonald","Sublocation:",,,,"Occurred:",30-Jan-2026   3:25 pm,"End Time:",30-Jan-2026  15:26,"Camera/Monitor:",,"Status:","Open","Duration:","0 Days 0 Hours 1 Minute","Topic:","Security Escort","Details:",,"Daily total:","92","Grand total:","116","Printed:  2/15/2026 	11:49:41	","Page 1 / 1 "
,,,,,,,,,,,,,,"Daily Log Detailed List Report","1/30/2026  Friday","Log #:","DL20260004765","Department:","Surveillance","High Priority","Property:","CNS Halifax","Owner:","sim.kaur",,"Location:","TITO Self Redemption","Created By:","sim.kaur","Sublocation:","NRT 2",,,"Occurred:",30-Jan-2026   3:25 pm,"End Time:",30-Jan-2026  16:01,"Camera/Monitor:","MON 1-4","Status:","Open","Duration:","0 Days 0 Hour 36 Minutes","Topic:","Requested Review","Details:","Requested Review: Slot Supervisor Kaitlyn Lewis contacted Surveillance for a review on NRT2 as an unknown female claimed that she put a $75 Tito ticket in NRT2 and it only dispensed 0.50 cents. Kaitlyn wished to confirm this. Footage confirmed the female inserted one TITO and SDS confirms that a $0.50 TITO was inserted at that time. Further review showed her playing several machines, but not cashing out any TITO; however at 1444hrs she can be seen inserting a TITO for $70 at NRT3 and collecting the funds. Kaitlyn was informed and spoke to the female. Kaitlyn stated the guest was satisfied with the result.","Daily total:","92","Grand total:","116","Printed:  2/15/2026 	11:49:41	","Page 1 / 1 "
,,,,,,,,,,,,,,"Daily Log Detailed List Report","1/30/2026  Friday","Log #:","DL20260004766","Department:","Surveillance","High Priority","Property:","CNS Halifax","Owner:","sim.kaur",,"Location:","Parking Lot","Created By:","sim.kaur","Sublocation:",,,,"Occurred:",30-Jan-2026   3:55 pm,"End Time:",30-Jan-2026  15:59,"Camera/Monitor:","MON 1-4","Status:","Open","Duration:","0 Days 0 Hours 4 Minutes","Topic:","Parkade Scan","Details:","Parkade Scan @ 1555hrs","Daily total:","92","Grand total:","116","Printed:  2/15/2026 	11:49:41	","Page 1 / 1 "
,,,,,,,,,,,,,,"Daily Log Detailed List Report","1/30/2026  Friday","Log #:","DL20260004767","Department:","Surveillance","High Priority","Property:","CNS Halifax","Owner:","sim.kaur",,"Location:","Gaming Floor","Created By:","sim.kaur","Sublocation:",,,,"Occurred:",30-Jan-2026   4:00 pm,"End Time:",30-Jan-2026  16:03,"Camera/Monitor:","MON 1-4","Status:","Open","Duration:","0 Days 0 Hours 3 Minutes","Topic:","Pit Scan","Details:","ID Shots @ 1300hrs","Daily total:","92","Grand total:","116","Printed:  2/15/2026 	11:49:41	","Page 1 / 1 "
,,,,,,,,,,,,,,"Daily Log Detailed List Report","1/30/2026  Friday","Log #:","DL20260004768","Department:","Surveillance",,"Property:","CNS Halifax","Owner:","jason.macdonald",,"Location:","Pit 1","Created By:","jason.macdonald","Sublocation:","RL 2",,,"Occurred:",30-Jan-2026   4:04 pm,"End Time:",30-Jan-2026  16:08,"Camera/Monitor:","MS1","Status:","Open","Duration:","0 Days 0 Hours 4 Minutes","Topic:","Table Fill","Details:","RL2, $33000 by SO Will Scott","Daily total:","92","Grand total:","116","Printed:  2/15/2026 	11:49:41	","Page 1 / 1 "
,,,,,,,,,,,,,,"Daily Log Detailed List Report","1/30/2026  Friday","Log #:","DL20260004769","Department:","Surveillance",,"Property:","CNS Halifax","Owner:","sim.kaur",,"Location:","Count Room","Created By:","sim.kaur","Sublocation:",,,,"Occurred:",30-Jan-2026   4:09 pm,"End Time:",30-Jan-2026  16:13,"Camera/Monitor:","MON 1-4","Status:","Open","Duration:","0 Days 0 Hours 4 Minutes","Topic:","Security Escort","Details:","Countroom to Cage. CS Jack N, SO Darcy C","Daily total:","92","Grand total:","116","Printed:  2/15/2026 	11:49:41	","Page 1 / 1 "
,,,,,,,,,,,,,,"Daily Log Detailed List Report","1/30/2026  Friday","Log #:","DL20260004770","Department:","Surveillance",,"Property:","CNS Halifax","Owner:","sim.kaur",,"Location:","Cage","Created By:","sim.kaur","Sublocation:","Main Bank",,,"Occurred:",30-Jan-2026   4:20 pm,"End Time:",,"Camera/Monitor:",,"Status:","Open","Duration:",,"Topic:","Balancing NRT Cassette","Details:","CS Jack N, CC Stojanka","Daily total:","92","Grand total:","116","Printed:  2/15/2026 	11:49:41	","Page 1 / 1 "
,,,,,,,,,,,,,,"Daily Log Detailed List Report","1/30/2026  Friday","Log #:","DL20260004771","Department:","Surveillance",,"Property:","CNS Halifax","Owner:","sim.kaur",,"Location:","Poker Room","Created By:","sim.kaur","Sublocation:",,,,"Occurred:",30-Jan-2026   4:38 pm,"End Time:",,"Camera/Monitor:",,"Status:","Open","Duration:",,"Topic:","Information","Details:","Swapping PK2 Shuffler with PK6","Daily total:","92","Grand total:","116","Printed:  2/15/2026 	11:49:41	","Page 1 / 1 "
,,,,,,,,,,,,,,"Daily Log Detailed List Report","1/30/2026  Friday","Log #:","DL20260004772","Department:","Surveillance","High Priority","Property:","CNS Halifax","Owner:","sim.kaur",,"Location:","Pit 1","Created By:","sim.kaur","Sublocation:","UTH1",,,"Occurred:",30-Jan-2026   4:40 pm,"End Time:",30-Jan-2026  17:07,"Camera/Monitor:","18","Status:","Open","Duration:","0 Days 0 Hours 27 Minutes","Topic:","Observation","Details:","Observation of Dealers Michael Gendron/ Fred Cale at UTH1.","Daily total:","92","Grand total:","116","Printed:  2/15/2026 	11:49:41	","Page 1 / 1 "
,,,,,,,,,,,,,,"Daily Log Detailed List Report","1/30/2026  Friday","Log #:","DL20260004773","Department:","Surveillance",,"Property:","CNS Halifax","Owner:","sim.kaur",,"Location:","Poker Room","Created By:","sim.kaur","Sublocation:","Poker 2",,,"Occurred:",30-Jan-2026   4:47 pm,"End Time:",,"Camera/Monitor:",,"Status:","Open","Duration:",,"Topic:","Information","Details:","Putting PK2 Shuffler back on","Daily total:","92","Grand total:","116","Printed:  2/15/2026 	11:49:41	","Page 1 / 1 "
,,,,,,,,,,,,,,"Daily Log Detailed List Report","1/30/2026  Friday","Log #:","DL20260004774","Department:","Surveillance",,"Property:","CNS Halifax","Owner:","ndethe",,"Location:","Surveillance","Created By:","ndethe","Sublocation:",,,,"Occurred:",30-Jan-2026   4:48 pm,"End Time:",30-Jan-2026  16:53,"Camera/Monitor:","All","Status:","Open","Duration:","0 Days 0 Hours 5 Minutes","Topic:","Camera check","Details:","All ok","Daily total:","92","Grand total:","116","Printed:  2/15/2026 	11:49:41	","Page 1 / 1 "
,,,,,,,,,,,,,,"Daily Log Detailed List Report","1/30/2026  Friday","Log #:","DL20260004775","Department:","Surveillance","High Priority","Property:","CNS Halifax","Owner:","jason.macdonald",,"Location:","Parking Lot","Created By:","jason.macdonald","Sublocation:",,,,"Occurred:",30-Jan-2026   5:50 pm,"End Time:",30-Jan-2026  18:01,"Camera/Monitor:","MS1","Status:","Open","Duration:","0 Days 0 Hours 11 Minutes","Topic:","Parkade Scan","Details:","Parkade Scan @ 1751hrs","Daily total:","92","Grand total:","116","Printed:  2/15/2026 	11:49:41	","Page 1 / 1 "
,,,,,,,,,,,,,,"Daily Log Detailed List Report","1/30/2026  Friday","Log #:","DL20260004776","Department:","Surveillance","High Priority","Property:","CNS Halifax","Owner:","jason.macdonald",,"Location:","Gaming Floor","Created By:","jason.macdonald","Sublocation:",,,,"Occurred:",30-Jan-2026   6:01 pm,"End Time:",,"Camera/Monitor:","MS1","Status:","Open","Duration:",,"Topic:","Pit Scan","Details:","ID shots @ 1801hrs","Daily total:","92","Grand total:","116","Printed:  2/15/2026 	11:49:41	","Page 1 / 1 "
,,,,,,,,,,,,,,"Daily Log Detailed List Report","1/30/2026  Friday","Log #:","DL20260004777","Department:","Surveillance","High Priority","Property:","CNS Halifax","Owner:","ndethe",,"Location:","Pit 3","Created By:","ndethe","Sublocation:","RB 1",,,"Occurred:",30-Jan-2026   6:02 pm,"End Time:",,"Camera/Monitor:","MON 3-4","Status:","Open","Duration:",,"Topic:","Observation","Details:","Observation: Dealer (Eunelyn Arnoco) at RB1","Daily total:","92","Grand total:","116","Printed:  2/15/2026 	11:49:41	","Page 1 / 1 "
,,,,,,,,,,,,,,"Daily Log Detailed List Report","1/30/2026  Friday","Log #:","DL20260004778","Department:","Surveillance","High Priority","Property:","CNS Halifax","Owner:","sim.kaur",,"Location:","Pit 3","Created By:","sim.kaur","Sublocation:","UTH2",,,"Occurred:",30-Jan-2026   6:03 pm,"End Time:",30-Jan-2026  18:31,"Camera/Monitor:","44","Status:","Open","Duration:","0 Days 0 Hours 28 Minutes","Topic:","Observation","Details:","Observation of Dealer Fred Cale on UTH2","Daily total:","92","Grand total:","116","Printed:  2/15/2026 	11:49:41	","Page 1 / 1 "
,,,,,,,,,,,,,,"Daily Log Detailed List Report","1/30/2026  Friday","Log #:","DL20260004779","Department:","Surveillance",,"Property:","CNS Halifax","Owner:","ndethe",,"Location:","Cage","Created By:","ndethe","Sublocation:",,,,"Occurred:",30-Jan-2026   6:09 pm,"End Time:",30-Jan-2026  18:14,"Camera/Monitor:","MON 3-3","Status:","Open","Duration:","0 Days 0 Hours 5 Minutes","Topic:","Security Escort","Details:","SO Sami and CSup Kwame","Daily total:","92","Grand total:","116","Printed:  2/15/2026 	11:49:41	","Page 1 / 1 "
,,,,,,,,,,,,,,"Daily Log Detailed List Report","1/30/2026  Friday","Log #:","DL20260004780","Department:","Surveillance","High Priority","Property:","CNS Halifax","Owner:","sim.kaur",,"Location:","Slot Zone","Created By:","sim.kaur","Sublocation:","Zone 5",,,"Occurred:",30-Jan-2026   6:16 pm,"End Time:",30-Jan-2026  18:18,"Camera/Monitor:",,"Status:","Open","Duration:","0 Days 0 Hours 2 Minutes","Topic:","Jackpot","Details:","Jackpot 5.07.01 $6020 won by Jacob Reeves.","Daily total:","92","Grand total:","116","Printed:  2/15/2026 	11:49:41	","Page 1 / 1 "
,,,,,,,,,,,,,,"Daily Log Detailed List Report","1/30/2026  Friday","Log #:","DL20260004781","Department:","Surveillance","High Priority","Property:","CNS Halifax","Owner:","ndethe",,"Location:","Slot Zone","Created By:","ndethe","Sublocation:","Zone 2",,,"Occurred:",30-Jan-2026   6:18 pm,"End Time:",30-Jan-2026  18:28,"Camera/Monitor:","MON 3-3","Status:","Open","Duration:","0 Days 0 Hours 10 Minutes","Topic:","Surveillance Initiated Review","Details:","Surveillance Initiated Review: After Security Supervisor Sean Howell found a wallet at 02:13:06, surveillance initiated a review to locate the owner. Upon review, Surveillance observed the person who dropped the wallet as an unknown female sitting at machine 06.06.02. Slot Supervisor Kaitlyn Lewis was informed, and the lady was returned her wallet from Lost and Found.","Daily total:","92","Grand total:","116","Printed:  2/15/2026 	11:49:41	","Page 1 / 1 "
,,,,,,,,,,,,,,"Daily Log Detailed List Report","1/30/2026  Friday","Log #:","DL20260004782","Department:","Surveillance","High Priority","Property:","CNS Halifax","Owner:","fares.alasaad",,"Location:","Parking Lot","Created By:","fares.alasaad","Sublocation:",,,,"Occurred:",30-Jan-2026   7:17 pm,"End Time:",30-Jan-2026  19:23,"Camera/Monitor:","S4.1","Status:","Open","Duration:","0 Days 0 Hours 6 Minutes","Topic:","Parkade Scan","Details:","Parkade Scan @ 1917hrs.","Daily total:","92","Grand total:","116","Printed:  2/15/2026 	11:49:41	","Page 1 / 1 "
,,,,,,,,,,,,,,"Daily Log Detailed List Report","1/30/2026  Friday","Log #:","DL20260004783","Department:","Surveillance",,"Property:","CNS Halifax","Owner:","fares.alasaad",,"Location:","Slot Zone","Created By:","fares.alasaad","Sublocation:","Zone 6",,,"Occurred:",30-Jan-2026   7:34 pm,"End Time:",30-Jan-2026  19:34,"Camera/Monitor:","S4.1","Status:","Open","Duration:","0 Days 0 Hours 0 Minutes","Topic:","Found Money","Details:","Found Money:$20 bill found in Zone 6, logged at the Cage by SRS Dante","Daily total:","92","Grand total:","116","Printed:  2/15/2026 	11:49:41	","Page 1 / 1 "
,,,,,,,,,,,,,,"Daily Log Detailed List Report","1/30/2026  Friday","Log #:","DL20260004784","Department:","Surveillance",,"Property:","CNS Halifax","Owner:","ndethe",,"Location:","Pit 3","Created By:","ndethe","Sublocation:","BJ9",,,"Occurred:",30-Jan-2026   7:41 pm,"End Time:",,"Camera/Monitor:","47","Status:","Open","Duration:",,"Topic:","Card Preparation","Details:","Pre-checking and Sortin at BJ9","Daily total:","92","Grand total:","116","Printed:  2/15/2026 	11:49:41	","Page 1 / 1 "
,,,,,,,,,,,,,,"Daily Log Detailed List Report","1/30/2026  Friday","Log #:","DL20260004785","Department:","Surveillance",,"Property:","CNS Halifax","Owner:","ndethe",,"Location:","Pit 3","Created By:","ndethe","Sublocation:","BJ10",,,"Occurred:",30-Jan-2026   7:51 pm,"End Time:",,"Camera/Monitor:","40","Status:","Open","Duration:",,"Topic:","Table Fill","Details:","Table Fill: $42,000 at BJ10 by SO Robin","Daily total:","92","Grand total:","116","Printed:  2/15/2026 	11:49:41	","Page 1 / 1 "
,,,,,,,,,,,,,,"Daily Log Detailed List Report","1/30/2026  Friday","Log #:","DL20260004788","Department:","Surveillance","High Priority","Property:","CNS Halifax","Owner:","ndethe",,"Location:","Pit 3","Created By:","ndethe","Sublocation:","BJ10",,,"Occurred:",30-Jan-2026   7:58 pm,"End Time:",30-Jan-2026  20:01,"Camera/Monitor:","MON 3-3","Status:","Open","Duration:","0 Days 0 Hours 3 Minutes","Topic:","Kings Bounty","Details:","King's Bounty: BJ10, spot 2 Jin Suk Jeong (PC#668845) with 2 kings of spades and no dealer blackjack for $2500.","Daily total:","92","Grand total:","116","Printed:  2/15/2026 	11:49:41	","Page 1 / 1 "
,,,,,,,,,,,,,,"Daily Log Detailed List Report","1/30/2026  Friday","Log #:","DL20260004789","Department:","Surveillance","High Priority","Property:","CNS Halifax","Owner:","ndethe",,"Location:","Gaming Floor","Created By:","ndethe","Sublocation:",,,,"Occurred:",30-Jan-2026   8:04 pm,"End Time:",30-Jan-2026  20:12,"Camera/Monitor:","MON 3-4","Status:","Open","Duration:","0 Days 0 Hours 8 Minutes","Topic:","Pit Scan","Details:","ID Shots @ 2004hrs","Daily total:","92","Grand total:","116","Printed:  2/15/2026 	11:49:41	","Page 1 / 1 "
,,,,,,,,,,,,,,"Daily Log Detailed List Report","1/30/2026  Friday","Log #:","DL20260004790","Department:","Surveillance","High Priority","Property:","CNS Halifax","Owner:","ndethe",,"Location:","Slot Zone","Created By:","ndethe","Sublocation:","Zone 3",,,"Occurred:",30-Jan-2026   8:20 pm,"End Time:",30-Jan-2026  20:33,"Camera/Monitor:","MON 3-3","Status:","Open","Duration:","0 Days 0 Hours 13 Minutes","Topic:","Jackpot","Details:","Jackpot: 03.11.02, $10087.35 won by Christina Acevedo. Verified by CSM Trevor Poole. SDS Checked. Footage saved as LJP2026-35","Daily total:","92","Grand total:","116","Printed:  2/15/2026 	11:49:41	","Page 1 / 1 "
,,,,,,,,,,,,,,"Daily Log Detailed List Report","1/30/2026  Friday","Log #:","DL20260004791","Department:","Surveillance","High Priority","Property:","CNS Halifax","Owner:","fares.alasaad",,"Location:","Pit 3","Created By:","fares.alasaad","Sublocation:","RB 1",,,"Occurred:",30-Jan-2026   8:28 pm,"End Time:",,"Camera/Monitor:",,"Status:","Open","Duration:",,"Topic:","FINTRAC","Details:","FINTRAC: Danny Goldman - RB1 - $4,000 - SOF: ATM.","Daily total:","92","Grand total:","116","Printed:  2/15/2026 	11:49:41	","Page 1 / 1 "
,,,,,,,,,,,,,,"Daily Log Detailed List Report","1/30/2026  Friday","Log #:","DL20260004797","Department:","Surveillance",,"Property:","CNS Halifax","Owner:","pkumar",,"Location:","Surveillance","Created By:","pkumar","Sublocation:",,,,"Occurred:",30-Jan-2026   9:08 pm,"End Time:",30-Jan-2026  21:16,"Camera/Monitor:","S1.2","Status:","Open","Duration:","0 Days 0 Hours 8 Minutes","Topic:","Camera check","Details:","All Ok.","Daily total:","92","Grand total:","116","Printed:  2/15/2026 	11:49:41	","Page 1 / 1 "
,,,,,,,,,,,,,,"Daily Log Detailed List Report","1/30/2026  Friday","Log #:","DL20260004798","Department:","Surveillance",,"Property:","CNS Halifax","Owner:","ndethe",,"Location:","Slot Zone","Created By:","ndethe","Sublocation:","Zone 3",,,"Occurred:",30-Jan-2026   9:11 pm,"End Time:",,"Camera/Monitor:","MON 3-2","Status:","Open","Duration:",,"Topic:","Found Money","Details:","Found Money: SRS Gurveer Kaur found $20.82 at machine 03.04.10. Logged into cage by SRS Gurveer","Daily total:","92","Grand total:","116","Printed:  2/15/2026 	11:49:41	","Page 1 / 1 "
,,,,,,,,,,,,,,"Daily Log Detailed List Report","1/30/2026  Friday","Log #:","DL20260004800","Department:","Surveillance",,"Property:","CNS Halifax","Owner:","pkumar",,"Location:","Slot Zone","Created By:","pkumar","Sublocation:","Zone 7",,,"Occurred:",30-Jan-2026   9:24 pm,"End Time:",30-Jan-2026  21:32,"Camera/Monitor:","S1.2/3","Status:","Open","Duration:","0 Days 0 Hours 8 Minutes","Topic:","Found Money","Details:","Found Money: $20 bill found inside machine 07.07.01. Turned into Cage by SS Craig.","Daily total:","92","Grand total:","116","Printed:  2/15/2026 	11:49:41	","Page 1 / 1 "
,,,,,,,,,,,,,,"Daily Log Detailed List Report","1/30/2026  Friday","Log #:","DL20260004802","Department:","Surveillance","High Priority","Property:","CNS Halifax","Owner:","fares.alasaad",,"Location:","Exterior","Created By:","fares.alasaad","Sublocation:",,,,"Occurred:",30-Jan-2026   9:32 pm,"End Time:",30-Jan-2026  21:34,"Camera/Monitor:","S4.1","Status:","Open","Duration:","0 Days 0 Hours 2 Minutes","Topic:","Requested Observation","Details:","Requested Observation: SRS Dante and Gurveer speaking to a unknown male in the guest smoking area. The male left property right after.","Daily total:","92","Grand total:","116","Printed:  2/15/2026 	11:49:41	","Page 1 / 1 "
,,,,,,,,,,,,,,"Daily Log Detailed List Report","1/30/2026  Friday","Log #:","DL20260004803","Department:","Surveillance","High Priority","Property:","CNS Halifax","Owner:","pkumar",,"Location:","Parking Lot","Created By:","pkumar","Sublocation:",,,,"Occurred:",30-Jan-2026   9:41 pm,"End Time:",30-Jan-2026  21:48,"Camera/Monitor:","701-726","Status:","Open","Duration:","0 Days 0 Hours 7 Minutes","Topic:","Parkade Scan","Details:","Parkade Scan @ 2141hrs","Daily total:","92","Grand total:","116","Printed:  2/15/2026 	11:49:41	","Page 1 / 1 "
,,,,,,,,,,,,,,"Daily Log Detailed List Report","1/30/2026  Friday","Log #:","DL20260004804","Department:","Surveillance","High Priority","Property:","CNS Halifax","Owner:","fares.alasaad",,"Location:","Slot Zone","Created By:","fares.alasaad","Sublocation:","Zone 5",,,"Occurred:",30-Jan-2026   9:42 pm,"End Time:",30-Jan-2026  21:43,"Camera/Monitor:","S4.1","Status:","Open","Duration:","0 Days 0 Hours 1 Minute","Topic:","Jackpot","Details:","Jackpot: 05.04.02. $6,000 won by Gerhard Pinkohs.","Daily total:","92","Grand total:","116","Printed:  2/15/2026 	11:49:41	","Page 1 / 1 "
,,,,,,,,,,,,,,"Daily Log Detailed List Report","1/30/2026  Friday","Log #:","DL20260004805","Department:","Surveillance","High Priority","Property:","CNS Halifax","Owner:","ndethe",,"Location:","Pit 1","Created By:","ndethe","Sublocation:","BJ 4",,,"Occurred:",30-Jan-2026   9:42 pm,"End Time:",,"Camera/Monitor:","MON 3-4","Status:","Open","Duration:",,"Topic:","Requested Review","Details:","Requested Review: Table Games Supervisor, Corey Callaghan, requested a review at BJ4 after $55 in chips were found at Spot 1. Upon review, surveillance located the owner of the $55 in chips as a guest wearing a black jacket and glasses, seated at RL1. Table Games Supervisor Corey Callaghan was advised of the findings, and the chips were subsequently returned to the guest.","Daily total:","92","Grand total:","116","Printed:  2/15/2026 	11:49:41	","Page 1 / 1 "
,,,,,,,,,,,,,,"Daily Log Detailed List Report","1/30/2026  Friday","Log #:","DL20260004809","Department:","Surveillance",,"Property:","CNS Halifax","Owner:","ndethe",,"Location:","Cage","Created By:","ndethe","Sublocation:","Main Bank",,,"Occurred:",30-Jan-2026  10:06 pm,"End Time:",,"Camera/Monitor:","395","Status:","Open","Duration:",,"Topic:","Currency Packets","Details:","CSup Kwame and Ivonne making $50,000 in cpack","Daily total:","92","Grand total:","116","Printed:  2/15/2026 	11:49:41	","Page 1 / 1 "
,,,,,,,,,,,,,,"Daily Log Detailed List Report","1/30/2026  Friday","Log #:","DL20260004810","Department:","Surveillance","High Priority","Property:","CNS Halifax","Owner:","pkumar",,"Location:","Pit 1","Created By:","pkumar","Sublocation:","BJ 4",,,"Occurred:",30-Jan-2026  10:12 pm,"End Time:",30-Jan-2026  22:33,"Camera/Monitor:","19, 104","Status:","Open","Duration:","0 Days 0 Hours 21 Minutes","Topic:","Observation","Details:","Observation: Dealers (Elizabeth Briggs/James Cameron) on BJ4.","Daily total:","92","Grand total:","116","Printed:  2/15/2026 	11:49:41	","Page 1 / 1 "
,,,,,,,,,,,,,,"Daily Log Detailed List Report","1/30/2026  Friday","Log #:","DL20260004811","Department:","Surveillance",,"Property:","CNS Halifax","Owner:","pkumar",,"Location:","Pit 1","Created By:","pkumar","Sublocation:","RL 2",,,"Occurred:",30-Jan-2026  10:09 pm,"End Time:",,"Camera/Monitor:","227, 142","Status:","Open","Duration:",,"Topic:","Information","Details:","ST Clarissa working on RL2 Chipper Champ.","Daily total:","92","Grand total:","116","Printed:  2/15/2026 	11:49:41	","Page 1 / 1 "
,,,,,,,,,,,,,,"Daily Log Detailed List Report","1/30/2026  Friday","Log #:","DL20260004812","Department:","Surveillance",,"Property:","CNS Halifax","Owner:","ndethe",,"Location:","Pit 3","Created By:","ndethe","Sublocation:","BJ9",,,"Occurred:",30-Jan-2026  10:08 pm,"End Time:",30-Jan-2026  22:11,"Camera/Monitor:","MON 3-3","Status:","Open","Duration:","0 Days 0 Hours 3 Minutes","Topic:","Table Fill","Details:","Table Fill: $22,500 at BJ9 by SO Will","Daily total:","92","Grand total:","116","Printed:  2/15/2026 	11:49:41	","Page 1 / 1 "
,,,,,,,,,,,,,,"Daily Log Detailed List Report","1/30/2026  Friday","Log #:","DL20260004813","Department:","Surveillance","High Priority","Property:","CNS Halifax","Owner:","pkumar",,"Location:","Pit 3","Created By:","pkumar","Sublocation:","RB 1",,,"Occurred:",30-Jan-2026  10:12 pm,"End Time:",,"Camera/Monitor:","42","Status:","Open","Duration:",,"Topic:","FINTRAC","Details:","FINTRAC: Danny Goldman (PC: 779057) $5,000 buy-in on RB1. POF: Currency Pack.","Daily total:","92","Grand total:","116","Printed:  2/15/2026 	11:49:41	","Page 1 / 1 "
,,,,,,,,,,,,,,"Daily Log Detailed List Report","1/30/2026  Friday","Log #:","DL20260004814","Department:","Surveillance",,"Property:","CNS Halifax","Owner:","ndethe",,"Location:","Pit 1","Created By:","ndethe","Sublocation:","BJ 5",,,"Occurred:",30-Jan-2026  10:26 pm,"End Time:",,"Camera/Monitor:","MON 3-4","Status:","Open","Duration:",,"Topic:","Found Money","Details:","Found Money: SO Will Scott found $20 chip behind table BJ5. Logged into cage by SO Will","Daily total:","92","Grand total:","116","Printed:  2/15/2026 	11:49:41	","Page 1 / 1 "
,,,,,,,,,,,,,,"Daily Log Detailed List Report","1/30/2026  Friday","Log #:","DL20260004816","Department:","Surveillance","High Priority","Property:","CNS Halifax","Owner:","fares.alasaad",,"Location:","Post","Created By:","fares.alasaad","Sublocation:","Post 2",,,"Occurred:",30-Jan-2026  10:28 pm,"End Time:",30-Jan-2026  22:30,"Camera/Monitor:","S4.1","Status:","Open","Duration:","0 Days 0 Hours 2 Minutes","Topic:","Requested Observation","Details:","Requested Observation: SRS Dante and Gurveer speaking to an unknown male at Post 2.","Daily total:","92","Grand total:","116","Printed:  2/15/2026 	11:49:41	","Page 1 / 1 "
,,,,,,,,,,,,,,"Daily Log Detailed List Report","1/30/2026  Friday","Log #:","DL20260004817","Department:","Surveillance","High Priority","Property:","CNS Halifax","Owner:","pkumar",,"Location:","Gaming Floor","Created By:","pkumar","Sublocation:",,,,"Occurred:",30-Jan-2026  10:35 pm,"End Time:",30-Jan-2026  23:02,"Camera/Monitor:","S1.2/3","Status:","Open","Duration:","0 Days 0 Hours 27 Minutes","Topic:","Pit Scan","Details:","ID Shots @ 2235hrs","Daily total:","92","Grand total:","116","Printed:  2/15/2026 	11:49:41	","Page 1 / 1 "
,,,,,,,,,,,,,,"Daily Log Detailed List Report","1/30/2026  Friday","Log #:","DL20260004818","Department:","Surveillance","High Priority","Property:","CNS Halifax","Owner:","ndethe",,"Location:","Slot Zone","Created By:","ndethe","Sublocation:","Zone 5",,,"Occurred:",30-Jan-2026  10:46 pm,"End Time:",30-Jan-2026  22:48,"Camera/Monitor:","MON 3-4","Status:","Open","Duration:","0 Days 0 Hours 2 Minutes","Topic:","Jackpot","Details:","Jackpot: 05.01.04, $9470.00 won by Trent Eisenhauer","Daily total:","92","Grand total:","116","Printed:  2/15/2026 	11:49:41	","Page 1 / 1 "
,,,,,,,,,,,,,,"Daily Log Detailed List Report","1/30/2026  Friday","Log #:","DL20260004819","Department:","Surveillance",,"Property:","CNS Halifax","Owner:","fares.alasaad",,"Location:","Gaming Floor","Created By:","fares.alasaad","Sublocation:",,,,"Occurred:",30-Jan-2026  10:55 pm,"End Time:",30-Jan-2026  22:56,"Camera/Monitor:","S4.1","Status:","Open","Duration:","0 Days 0 Hours 1 Minute","Topic:","Found Money","Details:","Found Money: $20 bill found infront of the bar, logged at the cage by SRS Dante.","Daily total:","92","Grand total:","116","Printed:  2/15/2026 	11:49:41	","Page 1 / 1 "
,,,,,,,,,,,,,,"Daily Log Detailed List Report","1/30/2026  Friday","Log #:","DL20260004820","Department:","Surveillance","High Priority","Property:","CNS Halifax","Owner:","ndethe",,"Location:","Pit 3","Created By:","ndethe","Sublocation:","RB 1",,,"Occurred:",30-Jan-2026  11:09 pm,"End Time:",,"Camera/Monitor:","42","Status:","Open","Duration:",,"Topic:","FINTRAC","Details:","FINTRAC: Danny Goldman (PC: 779057) $1400 buy-in on RB1. POF: ATM Receipt","Daily total:","92","Grand total:","116","Printed:  2/15/2026 	11:49:41	","Page 1 / 1 "
,,,,,,,,,,,,,,"Daily Log Detailed List Report","1/30/2026  Friday","Log #:","DL20260004821","Department:","Surveillance",,"Property:","CNS Halifax","Owner:","pkumar",,"Location:","Pit 1","Created By:","pkumar","Sublocation:","BJ7",,,"Occurred:",30-Jan-2026  11:10 pm,"End Time:",30-Jan-2026  23:13,"Camera/Monitor:","S1.2","Status:","Open","Duration:","0 Days 0 Hours 3 Minutes","Topic:","Table Fill","Details:","Table Fill: SO Priya to BJ7 ($6,050)","Daily total:","92","Grand total:","116","Printed:  2/15/2026 	11:49:41	","Page 1 / 1 "
,,,,,,,,,,,,,,"Daily Log Detailed List Report","1/30/2026  Friday","Log #:","DL20260004823","Department:","Surveillance","High Priority","Property:","CNS Halifax","Owner:","pkumar",,"Location:","Pit 1","Created By:","pkumar","Sublocation:","RL 2",,,"Occurred:",30-Jan-2026  11:14 pm,"End Time:",30-Jan-2026  23:27,"Camera/Monitor:","S1.2/3","Status:","Open","Duration:","0 Days 0 Hours 13 Minutes","Topic:","Requested Review","Details:","Requested Review: Casino Shift Manager Trevor Poole requested a review of RL2 after a guest wearing a green hoodie claimed that he dropped a $100 chip around the table few minutes ago. A review was completed and the male in question was not observed dropping the chip. It was also difficult to see the guest drop the chip at RL2 due to multiple guests at the table. The review was deemed inconclusive, and Table Games Supervisor Bruce Cameron was notified accordingly.","Daily total:","92","Grand total:","116","Printed:  2/15/2026 	11:49:41	","Page 1 / 1 "
,,,,,,,,,,,,,,"Daily Log Detailed List Report","1/30/2026  Friday","Log #:","DL20260004825","Department:","Surveillance","High Priority","Property:","CNS Halifax","Owner:","fares.alasaad",,"Location:","Parking Lot","Created By:","fares.alasaad","Sublocation:",,,,"Occurred:",30-Jan-2026  11:29 pm,"End Time:",30-Jan-2026  23:34,"Camera/Monitor:","C 711-726","Status:","Open","Duration:","0 Days 0 Hours 5 Minutes","Topic:","Parkade Scan","Details:","Parkade Scan @ 2330hrs.","Daily total:","92","Grand total:","116","Printed:  2/15/2026 	11:49:41	","Page 1 / 1 "
,,,,,,,,,,,,,,"Daily Log Detailed List Report","1/30/2026  Friday","Log #:","DL20260004826","Department:","Surveillance","High Priority","Property:","CNS Halifax","Owner:","pkumar",,"Location:","Slot Zone","Created By:","pkumar","Sublocation:","Zone 6",,,"Occurred:",30-Jan-2026  11:32 pm,"End Time:",30-Jan-2026  23:34,"Camera/Monitor:","S1.3","Status:","Open","Duration:","0 Days 0 Hours 2 Minutes","Topic:","Requested Observation","Details:","Requested Observation: Slot Rep. Crystal Hobson taking a $60.30 TITO from Slot Zone 06 to the Cage to cash it out for the guest due to mobility issues.","Daily total:","92","Grand total:","116","Printed:  2/15/2026 	11:49:41	","Page 1 / 1 "
,,,,,,,,,,,,,,"Daily Log Detailed List Report","1/30/2026  Friday","Log #:","DL20260004827","Department:","Surveillance","High Priority","Property:","CNS Halifax","Owner:","fares.alasaad",,"Location:","Pit 3","Created By:","fares.alasaad","Sublocation:","RB 1",,,"Occurred:",30-Jan-2026  11:34 pm,"End Time:",,"Camera/Monitor:",,"Status:","Open","Duration:",,"Topic:","FINTRAC","Details:","FINTRAC: Danny Goldman (PC: 779057) $2,000 buy-in on RB1. POF: Cash advance receipt from the Cage","Daily total:","92","Grand total:","116","Printed:  2/15/2026 	11:49:41	","Page 1 / 1 "
,,,,,,,,,,,,,,"Daily Log Detailed List Report","1/30/2026  Friday","Log #:","DL20260004828","Department:","Surveillance",,"Property:","CNS Halifax","Owner:","pkumar",,"Location:","Pit 3","Created By:","pkumar","Sublocation:","BJ8",,,"Occurred:",30-Jan-2026  11:41 pm,"End Time:",,"Camera/Monitor:","47","Status:","Open","Duration:",,"Topic:","Card Preparation","Details:","Dealer Barbara sorting and shuffling cards on BJ8.","Daily total:","92","Grand total:","116","Printed:  2/15/2026 	11:49:41	","Page 1 / 1 "
,,,,,,,,,,,,,,"Daily Log Detailed List Report","1/30/2026  Friday","Log #:","DL20260004829","Department:","Surveillance","High Priority","Property:","CNS Halifax","Owner:","pkumar",,"Location:","Surveillance","Created By:","pkumar","Sublocation:",,,,"Occurred:",30-Jan-2026  11:42 pm,"End Time:",31-Jan-2026   0:02,"Camera/Monitor:",,"Status:","Open","Duration:","0 Days 0 Hours 20 Minutes","Topic:","Surveillance Visitor Log","Details:","Blair Cameron (Tables) - Viewing Footage.","Daily total:","92","Grand total:","116","Printed:  2/15/2026 	11:49:41	","Page 1 / 1 "
,,,,,,,,,,,,,,"Daily Log Detailed List Report","1/30/2026  Friday","Log #:","DL20260004830","Department:","Surveillance",,"Property:","CNS Halifax","Owner:","fares.alasaad",,"Location:","Pit 1","Created By:","fares.alasaad","Sublocation:","RL 1",,,"Occurred:",30-Jan-2026  11:46 pm,"End Time:",30-Jan-2026  23:50,"Camera/Monitor:","S4.1","Status:","Open","Duration:","0 Days 0 Hours 4 Minutes","Topic:","Table Fill","Details:","$10,220 to RL1","Daily total:","92","Grand total:","116","Printed:  2/15/2026 	11:49:41	","Page 1 / 1 "
,,,,,,,,,,,,,,"Daily Log Detailed List Report","1/30/2026  Friday","Log #:","DL20260004833","Department:","Surveillance",,"Property:","CNS Halifax","Owner:","fares.alasaad",,"Location:","Pit 1","Created By:","fares.alasaad","Sublocation:",,,,"Occurred:",30-Jan-2026  11:52 pm,"End Time:",30-Jan-2026  23:58,"Camera/Monitor:","S4.1","Status:","Open","Duration:","0 Days 0 Hours 6 Minutes","Topic:","Table Fill Combo","Details:","$4,800 TO UTH1
$3,170 TO BJ6","Daily total:","92","Grand total:","116","Printed:  2/15/2026 	11:49:41	","Page 1 / 1 "
,,,,,,,,,,,,,,"Daily Log Detailed List Report","1/30/2026  Friday","Log #:","DL20260004834","Department:","Surveillance",,"Property:","CNS Halifax","Owner:","pkumar",,"Location:","Pit 1","Created By:","pkumar","Sublocation:","UTH1",,,"Occurred:",30-Jan-2026  11:59 pm,"End Time:",,"Camera/Monitor:","18, 181","Status:","Open","Duration:",,"Topic:","Information","Details:","ST Clarissa changing the shuffler on UTH1.","Daily total:","92","Grand total:","116","Printed:  2/15/2026 	11:49:41	","Page 1 / 1 "
,,,,,,,,,,,,,,"Daily Log Detailed List Report","1/31/2026  Saturday","Log #:","DL20260004835","Department:","Surveillance","High Priority","Property:","CNS Halifax","Owner:","pkumar",,"Location:","Pit 1","Created By:","pkumar","Sublocation:","BJ 5",,,"Occurred:",31-Jan-2026  12:10 am,"End Time:",31-Jan-2026   0:31,"Camera/Monitor:","S1.2/3","Status:","Open","Duration:","0 Days 0 Hours 21 Minutes","Topic:","Alcohol related removal","Details:","Alcohol related removal: 2 Unknown Female Guests from BJ5, SRS Gurveer, SO'S Robin and Vasu. Subject UF31Jan26(1) and UF31Jan26(2) created.","Daily total:","24","Grand total:","116","Printed:  2/15/2026 	11:49:41	","Page 1 / 1 "
,,,,,,,,,,,,,,"Daily Log Detailed List Report","1/31/2026  Saturday","Log #:","DL20260004837","Department:","Surveillance",,"Property:","CNS Halifax","Owner:","ndethe",,"Location:","Pit 1","Created By:","ndethe","Sublocation:","FBB 1",,,"Occurred:",31-Jan-2026  12:16 am,"End Time:",31-Jan-2026   0:24,"Camera/Monitor:","MON 3-2","Status:","Open","Duration:","0 Days 0 Hours 8 Minutes","Topic:","Table Fill","Details:","Table Fill: $7020 at FBB1 by SO Santos","Daily total:","24","Grand total:","116","Printed:  2/15/2026 	11:49:41	","Page 1 / 1 "
,,,,,,,,,,,,,,"Daily Log Detailed List Report","1/31/2026  Saturday","Log #:","DL20260004838","Department:","Surveillance","High Priority","Property:","CNS Halifax","Owner:","pkumar","Incident Created","Location:","Pit 1","Created By:","pkumar","Sublocation:","BJ 5",,,"Occurred:",31-Jan-2026  12:24 am,"End Time:",31-Jan-2026   0:31,"Camera/Monitor:","S1.2/3","Status:","Open","Duration:","0 Days 0 Hours 7 Minutes","Topic:","PPA Issued/Violation","Details:","PPA Issued: After an Alcohol Related Removal was completed from BJ5, Security Relief Supervisor (SRS) Dante Whiteway contacted Surveillance and advised that the female wearing the leather jacket (UF31Jan26(2)) would be issued a 1-Month PPA due to a comment made towards Security Staff. Incident IN20260000217 created.","Daily total:","24","Grand total:","116","Printed:  2/15/2026 	11:49:41	","Page 1 / 1 "
,,,,,,,,,,,,,,"Daily Log Detailed List Report","1/31/2026  Saturday","Log #:","DL20260004839","Department:","Surveillance","High Priority","Property:","CNS Halifax","Owner:","pkumar",,"Location:","Pit 1","Created By:","pkumar","Sublocation:","RL 2",,,"Occurred:",31-Jan-2026  12:26 am,"End Time:",31-Jan-2026   0:41,"Camera/Monitor:","62, 72","Status:","Open","Duration:","0 Days 0 Hours 15 Minutes","Topic:","Requested Review","Details:","Requested Review: Casino Shift Manager Trevor Poole requested a review of the last spin on RL2 after a confusion between two players regarding who placed the winning column bet when 33B hit. Upon review, Surveillance observed an Unknown Male guest wearing a green hoodie placing the bet at 0023hrs. CSM Poole was notified of the findings.","Daily total:","24","Grand total:","116","Printed:  2/15/2026 	11:49:41	","Page 1 / 1 "
,,,,,,,,,,,,,,"Daily Log Detailed List Report","1/31/2026  Saturday","Log #:","DL20260004840","Department:","Surveillance","High Priority","Property:","CNS Halifax","Owner:","ndethe",,"Location:","Poker Room","Created By:","ndethe","Sublocation:","Poker 5",,,"Occurred:",31-Jan-2026  12:25 am,"End Time:",31-Jan-2026   0:39,"Camera/Monitor:","MON 3-3","Status:","Open","Duration:","0 Days 0 Hours 14 Minutes","Topic:","Requested Review","Details:","Requested Review: CSM Blair Cameron requested a review of guests on spots 6 and 9, Poker 5, and advised surveillance that the two guests may have been passing chips. Upon review, surveillance observed the players at spot 6 and spot 9 passing chips to each other within the timeline provided by CSM Blair Cameron, between 2240hrs and 2313hrs. During that time, the players were seen passing chips a total of 12 times after the flop occurred. At 2313hrs, TGS Corey Callaghan issued a warning, after which the players were no longer observed passing any chips. CSM Blair Cameron was present in the surveillance room during the review and identified the guest at spot 9 as Jeff Brooks. CSM Blair Cameron was informed of the findings, and footage was saved as RM202645. Both guests were later removed, picture saved as UM31Jan26(1) and Brooks, Jeff.","Daily total:","24","Grand total:","116","Printed:  2/15/2026 	11:49:41	","Page 1 / 1 "
,,,,,,,,,,,,,,"Daily Log Detailed List Report","1/31/2026  Saturday","Log #:","DL20260004841","Department:","Surveillance",,"Property:","CNS Halifax","Owner:","ndethe",,"Location:","Pit 3","Created By:","ndethe","Sublocation:","RB 1",,,"Occurred:",31-Jan-2026  12:33 am,"End Time:",,"Camera/Monitor:","MON 3-2","Status:","Open","Duration:",,"Topic:","Table Fill","Details:","Table Fill: $41,700 at RB1 by SO Kulwinder","Daily total:","24","Grand total:","116","Printed:  2/15/2026 	11:49:41	","Page 1 / 1 "
,,,,,,,,,,,,,,"Daily Log Detailed List Report","1/31/2026  Saturday","Log #:","DL20260004842","Department:","Surveillance","High Priority","Property:","CNS Halifax","Owner:","pkumar",,"Location:","Poker Room","Created By:","pkumar","Sublocation:","Poker 1",,,"Occurred:",31-Jan-2026  12:33 am,"End Time:",31-Jan-2026   0:40,"Camera/Monitor:","S1.2/3","Status:","Open","Duration:","0 Days 0 Hours 7 Minutes","Topic:","Removal","Details:","Removal: 1xUM from Poker 1 for behavior related reasons, CSM Blair Cameron, SRS Gurveer Kaur and SO Vasu Bedi. Subject UM31Jan26(1) created.","Daily total:","24","Grand total:","116","Printed:  2/15/2026 	11:49:41	","Page 1 / 1 "
,,,,,,,,,,,,,,"Daily Log Detailed List Report","1/31/2026  Saturday","Log #:","DL20260004843","Department:","Surveillance","High Priority","Property:","CNS Halifax","Owner:","fares.alasaad",,"Location:","Poker Room","Created By:","fares.alasaad","Sublocation:","Poker 5",,,"Occurred:",31-Jan-2026  12:26 am,"End Time:",31-Jan-2026   0:34,"Camera/Monitor:","S4.1","Status:","Open","Duration:","0 Days 0 Hours 8 Minutes","Topic:","Removal","Details:","Removal: Known guest Jeff Brooks from PK5, CSM Blair, SRS Dante and SO Ashishdeep for behavior related reasons.","Daily total:","24","Grand total:","116","Printed:  2/15/2026 	11:49:41	","Page 1 / 1 "
,,,,,,,,,,,,,,"Daily Log Detailed List Report","1/31/2026  Saturday","Log #:","DL20260004844","Department:","Surveillance","High Priority","Property:","CNS Halifax","Owner:","ndethe",,"Location:","Pit 3","Created By:","ndethe","Sublocation:","RB 1",,,"Occurred:",31-Jan-2026  12:41 am,"End Time:",31-Jan-2026   0:41,"Camera/Monitor:","42","Status:","Open","Duration:","0 Days 0 Hours 0 Minutes","Topic:","FINTRAC","Details:","FINTRAC: Danny Goldman (PC: 779057) $3,000 buy-in on RB1. POF: Cash advance receipt from the Cage","Daily total:","24","Grand total:","116","Printed:  2/15/2026 	11:49:41	","Page 1 / 1 "
,,,,,,,,,,,,,,"Daily Log Detailed List Report","1/31/2026  Saturday","Log #:","DL20260004845","Department:","Surveillance",,"Property:","CNS Halifax","Owner:","ndethe",,"Location:","Pit 3","Created By:","ndethe","Sublocation:","BJ9",,,"Occurred:",31-Jan-2026  12:41 am,"End Time:",,"Camera/Monitor:","47","Status:","Open","Duration:",,"Topic:","Card Preparation","Details:","Sort and Shuffle at BJ9","Daily total:","24","Grand total:","116","Printed:  2/15/2026 	11:49:41	","Page 1 / 1 "
,,,,,,,,,,,,,,"Daily Log Detailed List Report","1/31/2026  Saturday","Log #:","DL20260004846","Department:","Surveillance","High Priority","Property:","CNS Halifax","Owner:","pkumar",,"Location:","Parking Lot","Created By:","pkumar","Sublocation:","Exit",,,"Occurred:",31-Jan-2026  12:47 am,"End Time:",31-Jan-2026   0:49,"Camera/Monitor:","S1.2","Status:","Open","Duration:","0 Days 0 Hours 2 Minutes","Topic:","Requested Observation","Details:","Requested Observation: Security Relief Supervisor's Dante Whiteway and Gurveer Kaur speaking with an Unknown Male at Exit Gate 1.","Daily total:","24","Grand total:","116","Printed:  2/15/2026 	11:49:41	","Page 1 / 1 "
,,,,,,,,,,,,,,"Daily Log Detailed List Report","1/31/2026  Saturday","Log #:","DL20260004847","Department:","Surveillance","High Priority","Property:","CNS Halifax","Owner:","ndethe",,"Location:","Gaming Floor","Created By:","ndethe","Sublocation:",,,,"Occurred:",31-Jan-2026  12:55 am,"End Time:",,"Camera/Monitor:","MON 3-4","Status:","Open","Duration:",,"Topic:","Pit Scan","Details:","ID Shots @ 0055hrs","Daily total:","24","Grand total:","116","Printed:  2/15/2026 	11:49:41	","Page 1 / 1 "
,,,,,,,,,,,,,,"Daily Log Detailed List Report","1/31/2026  Saturday","Log #:","DL20260004851","Department:","Surveillance",,"Property:","CNS Halifax","Owner:","pkumar",,"Location:","Surveillance","Created By:","pkumar","Sublocation:",,,,"Occurred:",31-Jan-2026  12:56 am,"End Time:",31-Jan-2026   1:03,"Camera/Monitor:","S1.2","Status:","Open","Duration:","0 Days 0 Hours 7 Minutes","Topic:","Camera check","Details:","All Ok.","Daily total:","24","Grand total:","116","Printed:  2/15/2026 	11:49:41	","Page 1 / 1 "
,,,,,,,,,,,,,,"Daily Log Detailed List Report","1/31/2026  Saturday","Log #:","DL20260004853","Department:","Surveillance","High Priority","Property:","CNS Halifax","Owner:","ndethe",,"Location:","Pit 3","Created By:","ndethe","Sublocation:","RB 1",,,"Occurred:",31-Jan-2026   1:25 am,"End Time:",,"Camera/Monitor:","42","Status:","Open","Duration:",,"Topic:","Observation","Details:","Observation: Dealer (Allister Nicholson) at RB1","Daily total:","24","Grand total:","116","Printed:  2/15/2026 	11:49:41	","Page 1 / 1 "
,,,,,,,,,,,,,,"Daily Log Detailed List Report","1/31/2026  Saturday","Log #:","DL20260004854","Department:","Surveillance","High Priority","Property:","CNS Halifax","Owner:","pkumar",,"Location:","Pit 1","Created By:","pkumar","Sublocation:","RL 1",,,"Occurred:",31-Jan-2026   1:33 am,"End Time:",31-Jan-2026   1:41,"Camera/Monitor:","61, 71","Status:","Open","Duration:","0 Days 0 Hours 8 Minutes","Topic:","Requested Review","Details:","Requested Review: Casino Shift Manager Trevor Poole requested a review of the last spin on RL1. Trevor advised that the player wearing black toque was reportedly trying to remove his losing bet from Black when 19R hit. Trevor wished to watch the footage of the incident. Upon review, Surveillance observed the player in question appeared to touch his losing bet at 0131hrs, but he did not move it or remove it from the layout. Trevor attended the Surveillance room to view footage of the incident. Nothing further was required at this time.","Daily total:","24","Grand total:","116","Printed:  2/15/2026 	11:49:41	","Page 1 / 1 "
,,,,,,,,,,,,,,"Daily Log Detailed List Report","1/31/2026  Saturday","Log #:","DL20260004855","Department:","Surveillance","High Priority","Property:","CNS Halifax","Owner:","ndethe",,"Location:","Surveillance","Created By:","ndethe","Sublocation:",,,,"Occurred:",31-Jan-2026   1:35 am,"End Time:",,"Camera/Monitor:",,"Status:","Open","Duration:",,"Topic:","Surveillance Visitor Log","Details:","Trevor Poole (Tables) - Viewing Footage.","Daily total:","24","Grand total:","116","Printed:  2/15/2026 	11:49:41	","Page 1 / 1 "
,,,,,,,,,,,,,,"Daily Log Detailed List Report","1/31/2026  Saturday","Log #:","DL20260004856","Department:","Surveillance","High Priority","Property:","CNS Halifax","Owner:","ndethe","Incident Created","Location:","Slot Zone","Created By:","ndethe","Sublocation:","Zone 3",,,"Occurred:",31-Jan-2026   1:41 am,"End Time:",31-Jan-2026   1:51,"Camera/Monitor:","MON 3-4","Status:","Open","Duration:","0 Days 0 Hours 10 Minutes","Topic:","PPA Issued/Violation","Details:","PPA Served: Security Relief Supervisor Dante Whiteway advised that PPA #2026009 was currently playing in Zone 3 and that a removal would be initiated. Supervisor Whiteway, along with Security Officers Ashishdeep Singh and Robin Pamma, approached the male for removal. The male was escorted out through Post 2 without incident. Security Relief Supervisor Dante Whiteway later advised that the male was served the PPA, as he was unaware of it during the previous encounter. IR IN20260000220 Created.","Daily total:","24","Grand total:","116","Printed:  2/15/2026 	11:49:41	","Page 1 / 1 "
,,,,,,,,,,,,,,"Daily Log Detailed List Report","1/31/2026  Saturday","Log #:","DL20260004857","Department:","Surveillance","High Priority","Property:","CNS Halifax","Owner:","fares.alasaad","Incident Created","Location:","Pit 3","Created By:","fares.alasaad","Sublocation:","UTH2",,,"Occurred:",31-Jan-2026   1:06 am,"End Time:",31-Jan-2026   1:29,"Camera/Monitor:","S4.1","Status:","Open","Duration:","0 Days 0 Hours 23 Minutes","Topic:","Requested Review","Details:","Requested Review: CSM Trevor Poole requested a review involving guest Vishal Valand on UTH2 Spot 4, after Dealer Katie Houlihan advised that the guest might have wagered 2x the Ante on the Play after the river (when it should have been 1x the Ante). Upon review, Surveillance observed the incident in question at 0043hrs when the guest appears to wager 2x the Ante on his play bet for $50 ($25 Ante) on the river. The guest won that round. Surveillance, initiated a review of his entire play session when he first arrived on the table at 2338hrs and observed all procedures to be followed with no other instances to note. Live coverage was maintained on the guest until he left the Table at 0130hrs. At no other point was the guest observed not following procedures or attempting to cheat. As a result of it being an isolated occurrence and it did not appear that he was attempting to conceal (he was observed placing his wagers the same way before and after the incident) Surveillance deemed it as an Irregularity. It did not appear that his betting over the limit was intentional, CSM Poole was advised. Footage of the incident dubbed to TG2026-15. IR IN20260000222 was created.","Daily total:","24","Grand total:","116","Printed:  2/15/2026 	11:49:41	","Page 1 / 1 "
,,,,,,,,,,,,,,"Daily Log Detailed List Report","1/31/2026  Saturday","Log #:","DL20260004860","Department:","Surveillance","High Priority","Property:","CNS Halifax","Owner:","pkumar",,"Location:","Pit 3","Created By:","pkumar","Sublocation:","RB 2",,,"Occurred:",31-Jan-2026   1:54 am,"End Time:",31-Jan-2026   2:15,"Camera/Monitor:","45, 174","Status:","Open","Duration:","0 Days 0 Hours 21 Minutes","Topic:","Observation","Details:","Observation: Dealers (Kenzie Gertley-Gregan/Simran Kaur) on RB2.","Daily total:","24","Grand total:","116","Printed:  2/15/2026 	11:49:41	","Page 1 / 1 "
,,,,,,,,,,,,,,"Daily Log Detailed List Report","1/31/2026  Saturday","Log #:","DL20260004862","Department:","Surveillance","High Priority","Property:","CNS Halifax","Owner:","pkumar",,"Location:","Parking Lot","Created By:","pkumar","Sublocation:",,,,"Occurred:",31-Jan-2026   2:25 am,"End Time:",31-Jan-2026   2:30,"Camera/Monitor:","701-726","Status:","Open","Duration:","0 Days 0 Hours 5 Minutes","Topic:","Parkade Scan","Details:","Parkade Scan @ 0225hrs","Daily total:","24","Grand total:","116","Printed:  2/15/2026 	11:49:41	","Page 1 / 1 "
,,,,,,,,,,,,,,"Daily Log Detailed List Report","1/31/2026  Saturday","Log #:","DL20260004863","Department:","Surveillance","High Priority","Property:","CNS Halifax","Owner:","pkumar",,"Location:","Post","Created By:","pkumar","Sublocation:","Post 2",,,"Occurred:",31-Jan-2026   2:44 am,"End Time:",31-Jan-2026   2:46,"Camera/Monitor:","S1.2/3","Status:","Open","Duration:","0 Days 0 Hours 2 Minutes","Topic:","Requested Observation","Details:","Requested Observation: Security Relief Supervisor Dante Whiteway speaking with an Unknown Male at Post 2. Subject UM31Jan26(2) created on Dante's request.","Daily total:","24","Grand total:","116","Printed:  2/15/2026 	11:49:41	","Page 1 / 1 "
,,,,,,,,,,,,,,"Daily Log Detailed List Report","1/31/2026  Saturday","Log #:","DL20260004865","Department:","Surveillance","High Priority","Property:","CNS Halifax","Owner:","fares.alasaad",,"Location:","Pit 3","Created By:","fares.alasaad","Sublocation:",,,,"Occurred:",31-Jan-2026   2:59 am,"End Time:",31-Jan-2026   3:01,"Camera/Monitor:","S4.1","Status:","Open","Duration:","0 Days 0 Hours 2 Minutes","Topic:","Pit Scan","Details:","ID Shots @ 0300hrs.","Daily total:","24","Grand total:","116","Printed:  2/15/2026 	11:49:41	","Page 1 / 1 "
,,,,,,,,,,,,,,"Daily Log Detailed List Report","1/31/2026  Saturday","Log #:","DL20260004866","Department:","Surveillance","High Priority","Property:","CNS Halifax","Owner:","pkumar","Incident Created","Location:","Pit 3","Created By:","pkumar","Sublocation:","UTH2",,,"Occurred:",31-Jan-2026   3:04 am,"End Time:",31-Jan-2026   3:12,"Camera/Monitor:","S1.2/3","Status:","Open","Duration:","0 Days 0 Hours 8 Minutes","Topic:","PPA Issued/Violation","Details:","PPA Issued: Security Relief Supervisor Gurveer Kaur, Security Officer's Ashishdeep Singh and Kulwinder Ghotra removing known guest Kirk Parris from UTH2 for behavior related reasons. Gurveer also advised Surveillance that Mr. Parris would be issued a 6-Month PPA due to his behavior towards tables staff. Subject photo updated, and Incident IN20260000223 created.","Daily total:","24","Grand total:","116","Printed:  2/15/2026 	11:49:41	","Page 1 / 1 "
,,,,,,,,,,,,,,"Daily Log Detailed List Report","1/31/2026  Saturday","Log #:","DL20260004867","Department:","Surveillance",,"Property:","CNS Halifax","Owner:","fares.alasaad",,"Location:","Pit 3","Created By:","fares.alasaad","Sublocation:","RB 2",,,"Occurred:",31-Jan-2026   3:16 am,"End Time:",,"Camera/Monitor:","C 45","Status:","Open","Duration:",,"Topic:","Card Preparation","Details:","Sorting cards on RB2","Daily total:","24","Grand total:","116","Printed:  2/15/2026 	11:49:41	","Page 1 / 1 "
